fold,role,row_index
1,train,0
1,train,1
1,train,2
1,train,3
1,train,4
1,train,5
1,train,6
1,train,7
1,train,9
1,train,10
1,train,11
1,train,12
1,train,13
1,train,15
1,train,16
1,train,18
1,train,20
1,train,21
1,train,22
1,train,24
1,train,25
1,train,26
1,train,27
1,train,28
1,train,31
1,train,34
1,train,35
1,train,36
1,train,37
1,train,38
1,train,39
1,train,40
1,train,41
1,train,42
1,train,44
1,train,46
1,train,47
1,train,48
1,train,49
1,train,50
1,train,53
1,train,54
1,train,55
1,train,56
1,train,57
1,train,58
1,train,59
1,train,60
1,train,62
1,train,63
1,train,64
1,train,65
1,train,66
1,train,67
1,train,68
1,train,71
1,train,72
1,train,74
1,train,75
1,train,76
1,train,77
1,train,78
1,train,79
1,train,81
1,train,82
1,train,83
1,train,85
1,train,86
1,train,87
1,train,88
1,train,89
1,train,90
1,train,91
1,train,92
1,train,94
1,train,97
1,train,98
1,train,100
1,train,101
1,train,102
1,train,103
1,train,104
1,train,105
1,train,106
1,train,107
1,train,108
1,train,110
1,train,111
1,train,112
1,train,113
1,train,114
1,train,115
1,train,116
1,train,117
1,train,118
1,train,119
1,train,121
1,train,122
1,train,123
1,train,124
1,train,125
1,train,126
1,train,127
1,train,128
1,train,129
1,train,130
1,train,131
1,train,133
1,train,135
1,train,136
1,train,137
1,train,138
1,train,140
1,train,141
1,train,142
1,train,143
1,train,145
1,train,146
1,train,147
1,train,148
1,train,153
1,train,154
1,train,155
1,train,158
1,train,159
1,train,160
1,train,161
1,train,162
1,train,163
1,train,164
1,train,165
1,train,167
1,train,168
1,train,169
1,train,171
1,train,172
1,train,173
1,train,176
1,train,178
1,train,181
1,train,182
1,train,183
1,train,185
1,train,186
1,train,187
1,train,189
1,train,190
1,train,191
1,train,193
1,train,194
1,train,195
1,train,197
1,train,198
1,train,199
1,train,200
1,train,201
1,train,202
1,train,203
1,train,204
1,train,206
1,train,207
1,train,208
1,train,209
1,train,210
1,train,212
1,train,213
1,train,214
1,train,215
1,train,216
1,train,218
1,train,219
1,train,221
1,train,222
1,train,223
1,train,224
1,train,225
1,train,226
1,train,228
1,train,230
1,train,231
1,train,232
1,train,233
1,train,234
1,train,235
1,train,236
1,train,237
1,train,241
1,train,242
1,train,243
1,train,244
1,train,245
1,train,246
1,train,247
1,train,248
1,train,249
1,train,250
1,train,253
1,train,255
1,train,256
1,train,257
1,train,258
1,train,259
1,train,260
1,train,261
1,train,262
1,train,263
1,train,264
1,train,265
1,train,266
1,train,267
1,train,268
1,train,269
1,train,271
1,train,272
1,train,273
1,train,275
1,train,276
1,train,277
1,train,278
1,train,280
1,train,281
1,train,282
1,train,283
1,train,284
1,train,285
1,train,286
1,train,288
1,train,289
1,train,291
1,train,292
1,train,294
1,train,295
1,train,299
1,train,300
1,train,301
1,train,302
1,train,303
1,train,304
1,train,306
1,train,307
1,train,310
1,train,311
1,train,312
1,train,313
1,train,316
1,train,317
1,train,319
1,train,320
1,train,321
1,train,322
1,train,323
1,train,324
1,train,326
1,train,327
1,train,328
1,train,329
1,train,331
1,train,333
1,train,334
1,train,335
1,train,336
1,train,337
1,train,338
1,train,339
1,train,340
1,train,341
1,train,342
1,train,343
1,train,344
1,train,345
1,train,346
1,train,347
1,train,348
1,train,349
1,train,350
1,train,352
1,train,354
1,train,355
1,train,356
1,train,357
1,train,358
1,train,359
1,train,361
1,train,362
1,train,363
1,train,364
1,train,365
1,train,367
1,train,368
1,train,369
1,train,370
1,train,372
1,train,373
1,train,374
1,train,375
1,train,377
1,train,378
1,train,379
1,train,380
1,train,381
1,train,382
1,train,383
1,train,384
1,train,385
1,train,386
1,train,388
1,train,389
1,train,390
1,train,391
1,train,392
1,train,394
1,train,395
1,train,396
1,train,397
1,train,398
1,train,399
1,train,400
1,train,401
1,train,403
1,train,404
1,train,405
1,train,406
1,train,407
1,train,409
1,train,411
1,train,412
1,train,413
1,train,417
1,train,418
1,train,419
1,train,420
1,train,421
1,train,422
1,train,423
1,train,424
1,train,425
1,train,427
1,train,428
1,train,430
1,train,431
1,train,434
1,train,435
1,train,437
1,train,439
1,train,440
1,train,441
1,train,442
1,train,444
1,train,446
1,train,447
1,train,448
1,train,449
1,train,450
1,train,451
1,train,452
1,train,453
1,train,454
1,train,455
1,train,456
1,train,458
1,train,459
1,train,460
1,train,462
1,train,464
1,train,466
1,train,467
1,train,469
1,train,470
1,train,472
1,train,473
1,train,474
1,train,475
1,train,476
1,train,477
1,train,479
1,train,480
1,train,481
1,train,482
1,train,483
1,train,484
1,train,485
1,train,487
1,train,488
1,train,489
1,train,491
1,train,492
1,train,493
1,train,496
1,train,498
1,train,499
1,train,500
1,train,502
1,train,503
1,train,504
1,train,507
1,train,508
1,train,509
1,train,510
1,train,512
1,train,513
1,train,514
1,train,515
1,train,516
1,train,517
1,train,519
1,train,520
1,train,521
1,train,522
1,train,523
1,train,524
1,train,525
1,train,526
1,train,527
1,train,528
1,train,529
1,train,531
1,train,532
1,train,533
1,train,534
1,train,535
1,train,536
1,train,537
1,train,539
1,train,540
1,train,541
1,train,542
1,train,543
1,train,545
1,train,546
1,train,547
1,train,548
1,train,549
1,train,550
1,train,552
1,train,553
1,train,554
1,train,556
1,train,557
1,train,558
1,train,559
1,train,560
1,train,562
1,train,563
1,train,565
1,train,566
1,train,569
1,train,570
1,train,571
1,train,572
1,train,573
1,train,574
1,train,575
1,train,577
1,train,578
1,train,579
1,train,580
1,train,581
1,train,582
1,train,583
1,train,585
1,train,586
1,train,587
1,train,588
1,train,590
1,train,591
1,train,592
1,train,593
1,train,595
1,train,597
1,train,600
1,train,601
1,train,603
1,train,604
1,train,606
1,train,607
1,train,608
1,train,609
1,train,610
1,train,611
1,train,612
1,train,613
1,train,614
1,train,615
1,train,616
1,train,617
1,train,619
1,train,622
1,train,623
1,train,624
1,train,627
1,train,628
1,train,629
1,train,630
1,train,631
1,train,632
1,train,633
1,train,634
1,train,635
1,train,636
1,train,637
1,train,638
1,train,639
1,train,640
1,train,641
1,train,644
1,train,645
1,train,646
1,train,647
1,train,648
1,train,649
1,train,651
1,train,652
1,train,653
1,train,654
1,train,655
1,train,656
1,train,658
1,train,659
1,train,660
1,train,661
1,train,662
1,train,663
1,train,664
1,train,665
1,train,666
1,train,667
1,train,669
1,train,671
1,train,672
1,train,673
1,train,674
1,train,675
1,train,678
1,train,679
1,train,680
1,train,681
1,train,682
1,train,684
1,train,685
1,train,686
1,train,687
1,train,688
1,train,689
1,train,690
1,train,692
1,train,694
1,train,695
1,train,696
1,train,697
1,train,698
1,train,699
1,train,700
1,train,701
1,train,702
1,train,703
1,train,704
1,train,706
1,train,707
1,train,708
1,train,709
1,train,710
1,train,711
1,train,712
1,train,713
1,train,714
1,train,715
1,train,716
1,train,717
1,train,719
1,train,722
1,train,723
1,train,724
1,train,725
1,train,726
1,train,727
1,train,728
1,train,729
1,train,730
1,train,732
1,train,733
1,train,735
1,train,736
1,train,737
1,train,738
1,train,739
1,train,740
1,train,741
1,train,742
1,train,743
1,train,745
1,train,747
1,train,748
1,train,749
1,train,750
1,train,752
1,train,753
1,train,754
1,train,756
1,train,757
1,train,758
1,train,760
1,train,761
1,train,762
1,train,763
1,train,765
1,train,766
1,train,767
1,train,768
1,train,769
1,train,770
1,train,771
1,train,772
1,train,773
1,train,774
1,train,775
1,train,777
1,train,778
1,train,779
1,train,780
1,train,781
1,train,782
1,train,784
1,train,785
1,train,786
1,train,788
1,train,789
1,train,791
1,train,792
1,train,793
1,train,795
1,train,796
1,train,797
1,train,799
1,train,801
1,train,804
1,train,805
1,train,806
1,train,808
1,train,809
1,train,813
1,train,814
1,train,815
1,train,816
1,train,818
1,train,819
1,train,820
1,train,821
1,train,822
1,train,823
1,train,824
1,train,825
1,train,826
1,train,827
1,train,828
1,train,830
1,train,832
1,train,834
1,train,835
1,train,836
1,train,837
1,train,839
1,train,840
1,train,841
1,train,844
1,train,845
1,train,846
1,train,847
1,train,848
1,train,849
1,train,850
1,train,851
1,train,852
1,train,853
1,train,854
1,train,855
1,train,858
1,train,859
1,train,860
1,train,861
1,train,863
1,train,864
1,train,865
1,train,866
1,train,867
1,train,868
1,train,870
1,train,872
1,train,873
1,train,874
1,train,875
1,train,876
1,train,878
1,train,880
1,train,882
1,train,883
1,train,884
1,train,885
1,train,886
1,train,887
1,train,890
1,train,891
1,train,892
1,train,894
1,train,895
1,train,896
1,train,898
1,train,899
1,train,900
1,train,901
1,train,902
1,train,904
1,train,905
1,train,906
1,train,908
1,train,909
1,train,910
1,train,913
1,train,914
1,train,915
1,train,916
1,train,917
1,train,918
1,train,919
1,train,920
1,train,921
1,train,922
1,train,923
1,train,924
1,train,925
1,train,926
1,train,927
1,train,928
1,train,929
1,train,930
1,train,931
1,train,932
1,train,933
1,train,934
1,train,935
1,train,936
1,train,937
1,train,938
1,train,939
1,train,940
1,train,941
1,train,942
1,train,943
1,train,944
1,train,945
1,train,946
1,train,947
1,train,948
1,train,950
1,train,951
1,train,952
1,train,953
1,train,954
1,train,955
1,train,956
1,train,957
1,train,958
1,train,959
1,train,961
1,train,962
1,train,963
1,train,965
1,train,966
1,train,967
1,train,968
1,train,970
1,train,971
1,train,972
1,train,973
1,train,974
1,train,975
1,train,976
1,train,977
1,train,979
1,train,980
1,train,981
1,train,982
1,train,983
1,train,984
1,train,985
1,train,986
1,train,987
1,train,988
1,train,989
1,train,991
1,train,992
1,train,993
1,train,994
1,train,995
1,train,996
1,train,997
1,train,998
1,train,1000
1,train,1002
1,train,1003
1,train,1004
1,train,1005
1,train,1006
1,train,1007
1,train,1008
1,train,1009
1,train,1011
1,train,1012
1,train,1013
1,train,1014
1,train,1015
1,train,1016
1,train,1017
1,train,1019
1,train,1021
1,train,1022
1,train,1023
1,train,1026
1,train,1028
1,train,1030
1,train,1031
1,train,1033
1,train,1035
1,train,1036
1,train,1037
1,train,1039
1,train,1040
1,train,1043
1,train,1045
1,train,1046
1,train,1047
1,train,1048
1,train,1049
1,train,1050
1,train,1053
1,train,1054
1,train,1058
1,train,1059
1,train,1060
1,train,1061
1,train,1062
1,train,1063
1,train,1064
1,train,1065
1,train,1066
1,train,1067
1,train,1069
1,train,1070
1,train,1071
1,train,1072
1,train,1073
1,train,1076
1,train,1077
1,train,1078
1,train,1079
1,train,1080
1,train,1081
1,train,1082
1,train,1083
1,train,1085
1,train,1086
1,train,1087
1,train,1088
1,train,1089
1,train,1091
1,train,1092
1,train,1093
1,train,1095
1,train,1096
1,train,1097
1,train,1098
1,train,1099
1,train,1100
1,train,1101
1,train,1104
1,train,1105
1,train,1106
1,train,1107
1,train,1108
1,train,1109
1,train,1110
1,train,1111
1,train,1112
1,train,1114
1,train,1116
1,train,1117
1,train,1118
1,train,1119
1,train,1120
1,train,1121
1,train,1122
1,train,1124
1,train,1125
1,train,1127
1,train,1130
1,train,1131
1,train,1132
1,train,1133
1,train,1134
1,train,1135
1,train,1136
1,train,1137
1,train,1138
1,train,1139
1,train,1140
1,train,1141
1,train,1142
1,train,1143
1,train,1144
1,train,1145
1,train,1147
1,train,1148
1,train,1150
1,train,1151
1,train,1152
1,train,1153
1,train,1154
1,train,1155
1,train,1156
1,train,1159
1,train,1160
1,train,1164
1,train,1165
1,train,1166
1,train,1167
1,train,1168
1,train,1169
1,train,1171
1,train,1172
1,train,1173
1,train,1176
1,train,1177
1,train,1178
1,train,1179
1,train,1182
1,train,1183
1,train,1184
1,train,1185
1,train,1187
1,train,1188
1,train,1190
1,train,1191
1,train,1193
1,train,1194
1,train,1195
1,train,1196
1,train,1197
1,train,1198
1,train,1199
1,train,1200
1,train,1201
1,train,1202
1,train,1203
1,train,1204
1,train,1205
1,train,1206
1,train,1208
1,train,1209
1,train,1211
1,train,1212
1,train,1213
1,train,1214
1,train,1215
1,train,1216
1,train,1217
1,train,1218
1,train,1219
1,train,1221
1,train,1223
1,train,1224
1,train,1226
1,train,1227
1,train,1229
1,train,1230
1,train,1232
1,train,1233
1,train,1234
1,train,1236
1,train,1237
1,train,1238
1,train,1239
1,train,1240
1,train,1241
1,train,1243
1,train,1244
1,train,1245
1,train,1246
1,train,1247
1,train,1248
1,train,1249
1,train,1250
1,train,1251
1,train,1252
1,train,1254
1,train,1256
1,train,1259
1,train,1262
1,train,1263
1,train,1264
1,train,1265
1,train,1266
1,train,1267
1,train,1268
1,train,1269
1,train,1270
1,train,1271
1,train,1273
1,train,1274
1,train,1275
1,train,1276
1,train,1277
1,train,1278
1,train,1279
1,train,1280
1,train,1281
1,train,1282
1,train,1283
1,train,1284
1,train,1285
1,train,1286
1,train,1287
1,train,1288
1,train,1290
1,train,1291
1,train,1292
1,train,1293
1,train,1294
1,train,1296
1,train,1297
1,train,1298
1,train,1300
1,train,1301
1,train,1302
1,train,1303
1,train,1304
1,train,1305
1,train,1306
1,train,1307
1,train,1308
1,train,1310
1,train,1311
1,train,1312
1,train,1313
1,train,1314
1,train,1316
1,train,1317
1,train,1318
1,train,1319
1,train,1320
1,train,1321
1,train,1322
1,train,1323
1,train,1324
1,train,1325
1,train,1326
1,train,1327
1,train,1328
1,train,1329
1,train,1331
1,train,1332
1,train,1333
1,train,1334
1,train,1335
1,train,1336
1,train,1337
1,train,1339
1,train,1341
1,train,1342
1,train,1343
1,train,1344
1,train,1345
1,train,1346
1,train,1347
1,train,1348
1,train,1349
1,train,1352
1,train,1353
1,train,1354
1,train,1355
1,train,1356
1,train,1357
1,train,1358
1,train,1359
1,train,1360
1,train,1363
1,train,1364
1,train,1365
1,train,1366
1,train,1367
1,train,1368
1,train,1369
1,train,1371
1,train,1372
1,train,1373
1,train,1375
1,train,1376
1,train,1377
1,train,1379
1,train,1380
1,train,1381
1,train,1382
1,train,1383
1,train,1384
1,train,1385
1,train,1386
1,train,1387
1,train,1388
1,train,1389
1,train,1390
1,train,1391
1,train,1393
1,train,1394
1,train,1395
1,train,1396
1,train,1398
1,train,1399
1,train,1400
1,train,1401
1,train,1403
1,train,1404
1,train,1405
1,train,1408
1,train,1409
1,train,1410
1,train,1412
1,train,1414
1,train,1415
1,train,1416
1,train,1418
1,train,1419
1,train,1420
1,train,1422
1,train,1423
1,train,1425
1,train,1427
1,train,1428
1,train,1430
1,train,1431
1,train,1432
1,train,1433
1,train,1435
1,train,1439
1,train,1440
1,train,1441
1,train,1442
1,train,1443
1,train,1445
1,train,1446
1,train,1447
1,train,1449
1,train,1450
1,train,1452
1,train,1453
1,train,1454
1,train,1457
1,train,1458
1,train,1459
1,train,1460
1,train,1461
1,train,1462
1,train,1463
1,train,1464
1,train,1465
1,train,1466
1,train,1468
1,train,1469
1,train,1470
1,train,1471
1,train,1472
1,train,1473
1,train,1475
1,train,1476
1,train,1478
1,train,1480
1,train,1481
1,train,1484
1,train,1486
1,train,1488
1,train,1489
1,train,1490
1,train,1491
1,train,1492
1,train,1493
1,train,1494
1,train,1495
1,train,1496
1,train,1497
1,train,1500
1,train,1501
1,train,1504
1,train,1506
1,train,1508
1,train,1510
1,train,1511
1,train,1513
1,train,1514
1,train,1516
1,train,1517
1,train,1518
1,train,1519
1,train,1520
1,train,1521
1,train,1522
1,train,1523
1,train,1524
1,train,1525
1,train,1526
1,train,1527
1,train,1528
1,train,1529
1,train,1530
1,train,1531
1,train,1533
1,train,1534
1,train,1535
1,train,1536
1,train,1538
1,train,1540
1,train,1541
1,train,1542
1,train,1544
1,train,1546
1,train,1547
1,train,1548
1,train,1549
1,train,1550
1,train,1552
1,train,1553
1,train,1555
1,train,1556
1,train,1559
1,train,1560
1,train,1561
1,train,1562
1,train,1563
1,train,1564
1,train,1565
1,train,1566
1,train,1567
1,train,1568
1,train,1569
1,train,1570
1,train,1571
1,train,1573
1,train,1574
1,train,1575
1,train,1576
1,train,1577
1,train,1578
1,train,1579
1,train,1581
1,train,1582
1,train,1583
1,train,1584
1,train,1585
1,train,1586
1,train,1587
1,train,1588
1,train,1590
1,train,1591
1,train,1592
1,train,1594
1,train,1595
1,train,1596
1,train,1597
1,train,1599
1,train,1601
1,train,1603
1,train,1604
1,train,1605
1,train,1607
1,train,1608
1,train,1609
1,train,1610
1,train,1611
1,train,1612
1,train,1613
1,train,1614
1,train,1615
1,train,1616
1,train,1617
1,train,1619
1,train,1622
1,train,1623
1,train,1624
1,train,1625
1,train,1627
1,train,1628
1,train,1629
1,train,1630
1,train,1631
1,train,1633
1,train,1635
1,train,1636
1,train,1637
1,train,1638
1,train,1639
1,train,1640
1,train,1641
1,train,1642
1,train,1644
1,train,1645
1,train,1646
1,train,1647
1,train,1648
1,train,1649
1,train,1650
1,train,1651
1,train,1652
1,train,1653
1,train,1654
1,train,1655
1,train,1656
1,train,1657
1,train,1658
1,train,1660
1,train,1661
1,train,1663
1,train,1664
1,train,1665
1,train,1666
1,train,1667
1,train,1668
1,train,1669
1,train,1671
1,train,1672
1,train,1673
1,train,1674
1,train,1675
1,train,1676
1,train,1677
1,train,1678
1,train,1679
1,train,1680
1,train,1681
1,train,1682
1,train,1683
1,train,1684
1,train,1685
1,train,1686
1,train,1687
1,train,1688
1,train,1689
1,train,1690
1,train,1692
1,train,1693
1,train,1694
1,train,1695
1,train,1696
1,train,1697
1,train,1699
1,train,1700
1,train,1701
1,train,1702
1,train,1703
1,train,1704
1,train,1705
1,train,1706
1,train,1707
1,train,1708
1,train,1709
1,train,1710
1,train,1711
1,train,1712
1,train,1713
1,train,1714
1,train,1715
1,train,1716
1,train,1719
1,train,1720
1,train,1722
1,train,1724
1,train,1725
1,train,1727
1,train,1729
1,train,1730
1,train,1731
1,train,1732
1,train,1733
1,train,1734
1,train,1735
1,train,1737
1,train,1742
1,train,1743
1,train,1745
1,train,1746
1,train,1748
1,train,1750
1,train,1751
1,train,1753
1,train,1754
1,train,1755
1,train,1756
1,train,1757
1,train,1758
1,train,1759
1,train,1760
1,train,1761
1,train,1762
1,train,1763
1,train,1764
1,train,1765
1,train,1766
1,train,1767
1,train,1768
1,train,1769
1,train,1771
1,train,1772
1,train,1773
1,train,1774
1,train,1776
1,train,1778
1,train,1781
1,train,1782
1,train,1785
1,train,1786
1,train,1787
1,train,1788
1,train,1790
1,train,1791
1,train,1792
1,train,1793
1,train,1794
1,train,1795
1,train,1796
1,train,1797
1,train,1798
1,train,1799
1,train,1801
1,train,1802
1,train,1804
1,train,1805
1,train,1806
1,train,1807
1,train,1808
1,train,1809
1,train,1810
1,train,1811
1,train,1813
1,train,1814
1,train,1815
1,train,1816
1,train,1817
1,train,1818
1,train,1819
1,train,1820
1,train,1821
1,train,1823
1,train,1824
1,train,1825
1,train,1826
1,train,1827
1,train,1828
1,train,1831
1,train,1834
1,train,1835
1,train,1836
1,train,1837
1,train,1838
1,train,1841
1,train,1843
1,train,1844
1,train,1845
1,train,1846
1,train,1847
1,train,1848
1,train,1849
1,train,1850
1,train,1851
1,train,1852
1,train,1853
1,train,1854
1,train,1855
1,train,1856
1,train,1857
1,train,1858
1,train,1860
1,train,1861
1,train,1862
1,train,1863
1,train,1864
1,train,1865
1,train,1866
1,train,1868
1,train,1869
1,train,1870
1,train,1872
1,train,1873
1,train,1874
1,train,1875
1,train,1876
1,train,1877
1,train,1878
1,train,1879
1,train,1881
1,train,1882
1,train,1883
1,train,1884
1,train,1886
1,train,1887
1,train,1888
1,train,1889
1,train,1890
1,train,1892
1,train,1893
1,train,1895
1,train,1897
1,train,1899
1,train,1900
1,train,1901
1,train,1902
1,train,1903
1,train,1904
1,train,1906
1,train,1908
1,train,1911
1,train,1912
1,train,1913
1,train,1914
1,train,1916
1,train,1917
1,train,1919
1,train,1920
1,train,1921
1,train,1922
1,train,1925
1,train,1926
1,train,1927
1,train,1928
1,train,1929
1,train,1930
1,train,1931
1,train,1932
1,train,1933
1,train,1934
1,train,1935
1,train,1936
1,train,1937
1,train,1938
1,train,1939
1,train,1940
1,train,1941
1,train,1942
1,train,1943
1,train,1944
1,train,1945
1,train,1946
1,train,1947
1,train,1948
1,train,1949
1,train,1950
1,train,1951
1,train,1952
1,train,1953
1,train,1955
1,train,1956
1,train,1957
1,train,1958
1,train,1959
1,train,1960
1,train,1961
1,train,1963
1,train,1965
1,train,1966
1,train,1967
1,train,1968
1,train,1969
1,train,1970
1,train,1971
1,train,1974
1,train,1975
1,train,1976
1,train,1977
1,train,1978
1,train,1979
1,train,1980
1,train,1981
1,train,1982
1,train,1984
1,train,1985
1,train,1986
1,train,1987
1,train,1989
1,train,1990
1,train,1992
1,train,1993
1,train,1994
1,train,1996
1,train,1997
1,train,1998
1,train,1999
1,train,2000
1,train,2001
1,train,2002
1,train,2003
1,train,2004
1,train,2005
1,train,2006
1,train,2007
1,train,2008
1,train,2009
1,train,2010
1,train,2011
1,train,2012
1,train,2013
1,train,2015
1,train,2016
1,train,2017
1,train,2020
1,train,2021
1,train,2025
1,train,2026
1,train,2027
1,train,2029
1,train,2030
1,train,2031
1,train,2032
1,train,2033
1,train,2034
1,train,2035
1,train,2036
1,train,2037
1,train,2038
1,train,2039
1,train,2040
1,train,2041
1,train,2042
1,train,2043
1,train,2044
1,train,2045
1,train,2046
1,train,2047
1,train,2048
1,train,2049
1,train,2050
1,train,2051
1,train,2052
1,train,2054
1,train,2055
1,train,2056
1,train,2057
1,train,2058
1,train,2059
1,train,2060
1,train,2061
1,train,2062
1,train,2063
1,train,2064
1,train,2065
1,train,2066
1,train,2067
1,train,2068
1,train,2069
1,train,2070
1,train,2071
1,train,2072
1,train,2073
1,train,2074
1,train,2075
1,train,2076
1,train,2077
1,train,2078
1,train,2079
1,train,2081
1,train,2082
1,train,2084
1,train,2085
1,train,2087
1,train,2089
1,train,2091
1,train,2094
1,train,2095
1,train,2098
1,train,2100
1,train,2102
1,train,2103
1,train,2104
1,train,2105
1,train,2106
1,train,2108
1,train,2109
1,train,2110
1,train,2111
1,train,2112
1,train,2113
1,train,2116
1,train,2117
1,train,2120
1,train,2122
1,train,2123
1,train,2125
1,train,2126
1,train,2127
1,train,2128
1,train,2129
1,train,2130
1,train,2132
1,train,2133
1,train,2134
1,train,2135
1,train,2136
1,train,2137
1,train,2139
1,train,2140
1,train,2141
1,train,2142
1,train,2143
1,train,2145
1,train,2147
1,train,2148
1,train,2149
1,train,2150
1,train,2151
1,train,2152
1,train,2153
1,train,2154
1,train,2156
1,train,2158
1,train,2159
1,train,2160
1,train,2161
1,train,2162
1,train,2163
1,train,2165
1,train,2166
1,train,2167
1,train,2169
1,train,2171
1,train,2172
1,train,2173
1,train,2174
1,train,2175
1,train,2176
1,train,2178
1,train,2179
1,train,2180
1,train,2182
1,train,2183
1,train,2187
1,train,2188
1,train,2189
1,train,2190
1,train,2192
1,train,2193
1,train,2194
1,train,2195
1,train,2196
1,train,2198
1,train,2199
1,train,2200
1,train,2201
1,train,2203
1,train,2204
1,train,2205
1,train,2206
1,train,2207
1,train,2209
1,train,2210
1,train,2211
1,train,2212
1,train,2213
1,train,2214
1,train,2216
1,train,2217
1,train,2218
1,train,2219
1,train,2220
1,train,2221
1,train,2222
1,train,2224
1,train,2225
1,train,2226
1,train,2228
1,train,2229
1,train,2230
1,train,2231
1,train,2232
1,train,2234
1,train,2235
1,train,2236
1,train,2237
1,train,2239
1,train,2241
1,train,2242
1,train,2243
1,train,2244
1,train,2245
1,train,2246
1,train,2247
1,train,2248
1,train,2249
1,train,2250
1,train,2251
1,train,2252
1,train,2253
1,train,2254
1,train,2255
1,train,2256
1,train,2257
1,train,2259
1,train,2260
1,train,2261
1,train,2262
1,train,2263
1,train,2264
1,train,2265
1,train,2267
1,train,2268
1,train,2270
1,train,2271
1,train,2272
1,train,2273
1,train,2274
1,train,2275
1,train,2277
1,train,2278
1,train,2279
1,train,2280
1,train,2281
1,train,2283
1,train,2284
1,train,2286
1,train,2287
1,train,2288
1,train,2289
1,train,2290
1,train,2291
1,train,2292
1,train,2293
1,train,2294
1,train,2295
1,train,2296
1,train,2298
1,train,2299
1,train,2300
1,train,2303
1,train,2305
1,train,2306
1,train,2307
1,train,2308
1,train,2310
1,train,2311
1,train,2313
1,train,2315
1,train,2316
1,train,2317
1,train,2318
1,train,2319
1,train,2322
1,train,2323
1,train,2324
1,train,2326
1,train,2327
1,train,2328
1,train,2329
1,train,2330
1,train,2332
1,train,2334
1,train,2335
1,train,2336
1,train,2337
1,train,2338
1,train,2339
1,train,2340
1,train,2343
1,train,2344
1,train,2346
1,train,2347
1,train,2349
1,train,2350
1,train,2351
1,train,2352
1,train,2353
1,train,2355
1,train,2356
1,train,2359
1,train,2360
1,train,2362
1,train,2363
1,train,2365
1,train,2366
1,train,2367
1,train,2368
1,train,2370
1,train,2371
1,train,2372
1,train,2373
1,train,2375
1,train,2376
1,train,2377
1,train,2378
1,train,2379
1,train,2380
1,train,2381
1,train,2382
1,train,2383
1,train,2384
1,train,2385
1,train,2386
1,train,2387
1,train,2388
1,train,2389
1,train,2390
1,train,2391
1,train,2393
1,train,2394
1,train,2395
1,train,2396
1,train,2397
1,train,2398
1,train,2399
1,train,2400
1,train,2402
1,train,2403
1,train,2404
1,train,2405
1,train,2406
1,train,2408
1,train,2409
1,train,2410
1,train,2412
1,train,2413
1,train,2414
1,train,2415
1,train,2416
1,train,2417
1,train,2418
1,train,2419
1,train,2420
1,train,2421
1,train,2422
1,train,2423
1,train,2424
1,train,2425
1,train,2427
1,train,2428
1,train,2430
1,train,2432
1,train,2433
1,train,2434
1,train,2435
1,train,2436
1,train,2438
1,train,2439
1,train,2440
1,train,2441
1,train,2443
1,train,2444
1,train,2445
1,train,2447
1,train,2448
1,train,2449
1,train,2450
1,train,2451
1,train,2452
1,train,2453
1,train,2454
1,train,2455
1,train,2458
1,train,2459
1,train,2461
1,train,2462
1,train,2463
1,train,2466
1,train,2467
1,train,2469
1,train,2472
1,train,2473
1,train,2476
1,train,2477
1,train,2478
1,train,2479
1,train,2480
1,train,2481
1,train,2482
1,train,2483
1,train,2484
1,train,2485
1,train,2487
1,train,2488
1,train,2489
1,train,2490
1,train,2491
1,train,2492
1,train,2494
1,train,2495
1,train,2496
1,train,2497
1,train,2498
1,train,2499
1,train,2500
1,train,2501
1,train,2502
1,train,2503
1,train,2504
1,train,2506
1,train,2507
1,train,2508
1,train,2509
1,train,2510
1,train,2511
1,train,2513
1,train,2514
1,train,2515
1,train,2516
1,train,2517
1,train,2518
1,train,2520
1,train,2521
1,train,2522
1,train,2523
1,train,2524
1,train,2526
1,train,2528
1,train,2529
1,train,2530
1,train,2533
1,train,2535
1,train,2536
1,train,2537
1,train,2538
1,train,2539
1,train,2541
1,train,2543
1,train,2544
1,train,2546
1,train,2548
1,train,2549
1,train,2550
1,train,2551
1,train,2553
1,train,2555
1,train,2556
1,train,2557
1,train,2558
1,train,2559
1,train,2560
1,train,2561
1,train,2562
1,train,2563
1,train,2565
1,train,2566
1,train,2568
1,train,2569
1,train,2570
1,train,2571
1,train,2573
1,train,2574
1,train,2575
1,train,2577
1,train,2579
1,train,2580
1,train,2581
1,train,2582
1,train,2584
1,train,2585
1,train,2586
1,train,2587
1,train,2590
1,train,2591
1,train,2592
1,train,2593
1,train,2594
1,train,2595
1,train,2596
1,train,2597
1,train,2598
1,train,2599
1,train,2600
1,train,2601
1,train,2603
1,train,2604
1,train,2605
1,train,2606
1,train,2607
1,train,2608
1,train,2610
1,train,2611
1,train,2612
1,train,2613
1,train,2615
1,train,2616
1,train,2618
1,train,2619
1,train,2621
1,train,2622
1,train,2623
1,train,2624
1,train,2625
1,train,2626
1,train,2628
1,train,2629
1,train,2630
1,train,2632
1,train,2633
1,train,2635
1,train,2636
1,train,2637
1,train,2641
1,train,2642
1,train,2643
1,train,2645
1,train,2648
1,train,2649
1,train,2650
1,train,2651
1,train,2652
1,train,2654
1,train,2657
1,train,2658
1,train,2659
1,train,2660
1,train,2661
1,train,2662
1,train,2665
1,train,2666
1,train,2667
1,train,2668
1,train,2669
1,train,2670
1,train,2671
1,train,2672
1,train,2673
1,train,2674
1,train,2675
1,train,2676
1,train,2678
1,train,2679
1,train,2680
1,train,2681
1,train,2682
1,train,2683
1,train,2686
1,train,2687
1,train,2688
1,train,2689
1,train,2690
1,train,2691
1,train,2692
1,train,2693
1,train,2694
1,train,2695
1,train,2696
1,train,2697
1,train,2699
1,train,2700
1,train,2701
1,train,2702
1,train,2703
1,train,2704
1,train,2705
1,train,2706
1,train,2707
1,train,2708
1,train,2709
1,train,2710
1,train,2711
1,train,2712
1,train,2713
1,train,2714
1,train,2715
1,train,2717
1,train,2719
1,train,2721
1,train,2722
1,train,2723
1,train,2724
1,train,2726
1,train,2728
1,train,2729
1,train,2730
1,train,2731
1,train,2732
1,train,2733
1,train,2734
1,train,2735
1,train,2736
1,train,2737
1,train,2738
1,train,2739
1,train,2741
1,train,2742
1,train,2743
1,train,2744
1,train,2745
1,train,2746
1,train,2747
1,train,2748
1,train,2749
1,train,2750
1,train,2752
1,train,2754
1,train,2756
1,train,2757
1,train,2758
1,train,2760
1,train,2761
1,train,2762
1,train,2765
1,train,2766
1,train,2767
1,train,2768
1,train,2769
1,train,2770
1,train,2771
1,train,2773
1,train,2774
1,train,2776
1,train,2777
1,train,2778
1,train,2779
1,train,2780
1,train,2781
1,train,2782
1,train,2783
1,train,2784
1,train,2785
1,train,2786
1,train,2787
1,train,2790
1,train,2791
1,train,2793
1,train,2794
1,train,2795
1,train,2796
1,train,2797
1,train,2798
1,train,2799
1,train,2800
1,train,2801
1,train,2802
1,train,2803
1,train,2804
1,train,2805
1,train,2806
1,train,2807
1,train,2808
1,train,2809
1,train,2810
1,train,2811
1,train,2812
1,train,2813
1,train,2814
1,train,2815
1,train,2816
1,train,2817
1,train,2818
1,train,2821
1,train,2823
1,train,2824
1,train,2826
1,train,2827
1,train,2828
1,train,2829
1,train,2830
1,train,2831
1,train,2832
1,train,2835
1,train,2837
1,train,2838
1,train,2839
1,train,2840
1,train,2841
1,train,2842
1,train,2845
1,train,2846
1,train,2847
1,train,2848
1,train,2849
1,train,2850
1,train,2851
1,train,2852
1,train,2853
1,train,2854
1,train,2855
1,train,2858
1,train,2859
1,train,2860
1,train,2861
1,train,2862
1,train,2863
1,train,2864
1,train,2866
1,train,2867
1,train,2868
1,train,2869
1,train,2870
1,train,2871
1,train,2872
1,train,2873
1,train,2874
1,train,2875
1,train,2876
1,train,2877
1,train,2878
1,train,2879
1,train,2880
1,train,2882
1,train,2883
1,train,2884
1,train,2885
1,train,2887
1,train,2888
1,train,2889
1,train,2890
1,train,2891
1,train,2892
1,train,2893
1,train,2895
1,train,2896
1,train,2897
1,train,2898
1,train,2899
1,train,2900
1,train,2901
1,train,2904
1,train,2906
1,train,2907
1,train,2908
1,train,2910
1,train,2911
1,train,2912
1,train,2913
1,train,2914
1,train,2915
1,train,2917
1,train,2918
1,train,2919
1,train,2920
1,train,2921
1,train,2922
1,train,2923
1,train,2926
1,train,2927
1,train,2928
1,train,2929
1,train,2930
1,train,2931
1,train,2932
1,train,2933
1,train,2934
1,train,2935
1,train,2936
1,train,2938
1,train,2939
1,train,2940
1,train,2943
1,train,2945
1,train,2946
1,train,2947
1,train,2949
1,train,2950
1,train,2952
1,train,2953
1,train,2954
1,train,2955
1,train,2956
1,train,2957
1,train,2958
1,train,2959
1,train,2960
1,train,2961
1,train,2962
1,train,2963
1,train,2965
1,train,2966
1,train,2967
1,train,2968
1,train,2969
1,train,2970
1,train,2972
1,train,2974
1,train,2975
1,train,2976
1,train,2977
1,train,2978
1,train,2981
1,train,2982
1,train,2983
1,train,2984
1,train,2985
1,train,2987
1,train,2989
1,train,2990
1,train,2991
1,train,2993
1,train,2994
1,train,2995
1,train,2996
1,train,2997
1,train,2998
1,train,2999
1,train,3000
1,train,3001
1,train,3002
1,train,3003
1,train,3004
1,train,3005
1,train,3006
1,train,3007
1,train,3008
1,train,3009
1,train,3010
1,train,3011
1,train,3012
1,train,3013
1,train,3015
1,train,3016
1,train,3017
1,train,3018
1,train,3019
1,train,3020
1,train,3021
1,train,3023
1,train,3025
1,train,3027
1,train,3029
1,train,3030
1,train,3031
1,train,3034
1,train,3035
1,train,3036
1,train,3037
1,train,3039
1,train,3040
1,train,3041
1,train,3042
1,train,3043
1,train,3044
1,train,3045
1,train,3046
1,train,3047
1,train,3049
1,train,3050
1,train,3051
1,train,3052
1,train,3053
1,train,3054
1,train,3055
1,train,3056
1,train,3057
1,train,3058
1,train,3059
1,train,3060
1,train,3061
1,train,3062
1,train,3063
1,train,3065
1,train,3067
1,train,3068
1,train,3069
1,train,3070
1,train,3071
1,train,3072
1,train,3073
1,train,3074
1,train,3075
1,train,3076
1,train,3077
1,train,3079
1,train,3080
1,train,3081
1,train,3082
1,train,3083
1,train,3084
1,train,3085
1,train,3086
1,train,3087
1,train,3089
1,train,3090
1,train,3091
1,train,3092
1,train,3093
1,train,3094
1,train,3096
1,train,3097
1,train,3098
1,train,3099
1,train,3100
1,train,3101
1,train,3103
1,train,3104
1,train,3108
1,train,3110
1,train,3111
1,train,3113
1,train,3115
1,train,3116
1,train,3117
1,train,3118
1,train,3119
1,train,3120
1,train,3121
1,train,3122
1,train,3123
1,train,3124
1,train,3125
1,train,3126
1,train,3127
1,train,3128
1,train,3129
1,train,3130
1,train,3131
1,train,3132
1,train,3133
1,train,3134
1,train,3135
1,train,3136
1,train,3137
1,train,3140
1,train,3141
1,train,3142
1,train,3143
1,train,3144
1,train,3145
1,train,3146
1,train,3147
1,train,3148
1,train,3149
1,train,3151
1,train,3152
1,train,3154
1,train,3155
1,train,3156
1,train,3157
1,train,3158
1,train,3159
1,train,3160
1,train,3161
1,train,3163
1,train,3164
1,train,3166
1,train,3167
1,train,3168
1,train,3169
1,train,3170
1,train,3171
1,train,3173
1,train,3175
1,train,3176
1,train,3177
1,train,3178
1,train,3179
1,train,3180
1,train,3181
1,train,3182
1,train,3183
1,train,3184
1,train,3185
1,train,3186
1,train,3187
1,train,3189
1,train,3190
1,train,3191
1,train,3192
1,train,3194
1,train,3195
1,train,3196
1,train,3197
1,train,3198
1,train,3199
1,train,3200
1,train,3201
1,train,3202
1,train,3203
1,train,3204
1,train,3205
1,train,3206
1,train,3208
1,train,3209
1,train,3210
1,train,3211
1,train,3212
1,train,3213
1,train,3214
1,train,3215
1,train,3216
1,train,3217
1,train,3218
1,train,3219
1,train,3220
1,train,3221
1,train,3222
1,train,3223
1,train,3225
1,train,3227
1,train,3228
1,train,3229
1,train,3230
1,train,3231
1,train,3232
1,train,3233
1,train,3234
1,train,3235
1,train,3236
1,train,3237
1,train,3238
1,train,3239
1,train,3240
1,train,3242
1,train,3243
1,train,3244
1,train,3245
1,train,3246
1,train,3249
1,train,3251
1,train,3252
1,train,3253
1,train,3254
1,train,3255
1,train,3256
1,train,3257
1,train,3259
1,train,3260
1,train,3261
1,train,3262
1,train,3263
1,train,3264
1,train,3265
1,train,3266
1,train,3267
1,train,3268
1,train,3269
1,train,3271
1,train,3272
1,train,3273
1,train,3274
1,train,3275
1,train,3276
1,train,3277
1,train,3278
1,train,3279
1,train,3281
1,train,3283
1,train,3284
1,train,3285
1,train,3287
1,train,3289
1,train,3290
1,train,3292
1,train,3293
1,train,3294
1,train,3295
1,train,3296
1,train,3298
1,train,3299
1,train,3300
1,train,3301
1,train,3302
1,train,3303
1,train,3304
1,train,3305
1,train,3306
1,train,3307
1,train,3308
1,train,3309
1,train,3310
1,train,3311
1,train,3313
1,train,3314
1,train,3315
1,train,3317
1,train,3319
1,train,3322
1,train,3323
1,train,3324
1,train,3325
1,train,3326
1,train,3327
1,train,3329
1,train,3330
1,train,3331
1,train,3332
1,train,3334
1,train,3335
1,train,3336
1,train,3337
1,train,3338
1,train,3339
1,train,3341
1,train,3342
1,train,3343
1,train,3345
1,train,3346
1,train,3348
1,train,3350
1,train,3351
1,train,3352
1,train,3353
1,train,3354
1,train,3355
1,train,3356
1,train,3358
1,train,3360
1,train,3361
1,train,3362
1,train,3363
1,train,3364
1,train,3367
1,train,3369
1,train,3370
1,train,3371
1,train,3372
1,train,3373
1,train,3374
1,train,3376
1,train,3377
1,train,3379
1,train,3380
1,train,3381
1,train,3382
1,train,3383
1,train,3384
1,train,3385
1,train,3386
1,train,3387
1,train,3388
1,train,3389
1,train,3390
1,train,3391
1,train,3392
1,train,3393
1,train,3394
1,train,3395
1,train,3397
1,train,3398
1,train,3399
1,train,3400
1,train,3401
1,train,3402
1,train,3404
1,train,3405
1,train,3407
1,train,3408
1,train,3409
1,train,3410
1,train,3411
1,train,3412
1,train,3413
1,train,3415
1,train,3417
1,train,3418
1,train,3419
1,train,3420
1,train,3421
1,train,3422
1,train,3425
1,train,3427
1,train,3428
1,train,3430
1,train,3431
1,train,3432
1,train,3433
1,train,3435
1,train,3436
1,train,3440
1,train,3441
1,train,3443
1,train,3444
1,train,3445
1,train,3446
1,train,3447
1,train,3448
1,train,3449
1,train,3450
1,train,3451
1,train,3452
1,train,3453
1,train,3454
1,train,3455
1,train,3456
1,train,3457
1,train,3458
1,train,3459
1,train,3460
1,train,3461
1,train,3462
1,train,3464
1,train,3465
1,train,3466
1,train,3467
1,train,3469
1,train,3470
1,train,3471
1,train,3472
1,train,3473
1,train,3474
1,train,3475
1,train,3476
1,train,3477
1,train,3478
1,train,3479
1,train,3480
1,train,3481
1,train,3482
1,train,3483
1,train,3484
1,train,3485
1,train,3486
1,train,3487
1,train,3488
1,train,3489
1,train,3490
1,train,3491
1,train,3492
1,train,3493
1,train,3494
1,train,3495
1,train,3496
1,train,3497
1,train,3498
1,train,3499
1,train,3500
1,train,3501
1,train,3502
1,train,3504
1,train,3505
1,train,3506
1,train,3509
1,train,3510
1,train,3511
1,train,3512
1,train,3513
1,train,3514
1,train,3515
1,train,3517
1,train,3518
1,train,3519
1,train,3520
1,train,3521
1,train,3522
1,train,3523
1,train,3524
1,train,3525
1,train,3526
1,train,3527
1,train,3529
1,train,3530
1,train,3531
1,train,3532
1,train,3533
1,train,3534
1,train,3535
1,train,3536
1,train,3537
1,train,3538
1,train,3539
1,train,3540
1,train,3541
1,train,3542
1,train,3544
1,train,3545
1,train,3546
1,train,3547
1,train,3549
1,train,3551
1,train,3552
1,train,3553
1,train,3555
1,train,3556
1,train,3557
1,train,3558
1,train,3559
1,train,3561
1,train,3562
1,train,3563
1,train,3564
1,train,3565
1,train,3567
1,train,3568
1,train,3571
1,train,3572
1,train,3573
1,train,3574
1,train,3575
1,train,3576
1,train,3577
1,train,3578
1,train,3579
1,train,3580
1,train,3581
1,train,3582
1,train,3583
1,train,3584
1,train,3585
1,train,3588
1,train,3589
1,train,3590
1,train,3591
1,train,3592
1,train,3593
1,train,3594
1,train,3595
1,train,3596
1,train,3597
1,train,3598
1,train,3599
1,train,3600
1,train,3602
1,train,3603
1,train,3604
1,train,3605
1,train,3606
1,train,3607
1,train,3608
1,train,3609
1,train,3610
1,train,3611
1,train,3612
1,train,3614
1,train,3615
1,train,3616
1,train,3617
1,train,3618
1,train,3619
1,train,3620
1,train,3621
1,train,3625
1,train,3626
1,train,3627
1,train,3628
1,train,3629
1,train,3631
1,train,3632
1,train,3633
1,train,3635
1,train,3636
1,train,3637
1,train,3638
1,train,3641
1,train,3642
1,train,3643
1,train,3644
1,train,3645
1,train,3646
1,train,3647
1,train,3648
1,train,3649
1,train,3651
1,train,3652
1,train,3654
1,train,3655
1,train,3656
1,train,3657
1,train,3659
1,train,3660
1,train,3661
1,train,3662
1,train,3663
1,train,3665
1,train,3666
1,train,3667
1,train,3668
1,train,3669
1,train,3670
1,train,3671
1,train,3672
1,train,3674
1,train,3675
1,train,3676
1,train,3677
1,train,3679
1,train,3680
1,train,3682
1,train,3683
1,train,3684
1,train,3686
1,train,3687
1,train,3688
1,train,3689
1,train,3692
1,train,3693
1,train,3694
1,train,3695
1,train,3696
1,train,3697
1,train,3698
1,train,3700
1,train,3701
1,train,3705
1,train,3706
1,train,3707
1,train,3708
1,train,3709
1,train,3710
1,train,3711
1,train,3713
1,train,3714
1,train,3716
1,train,3717
1,train,3718
1,train,3719
1,train,3722
1,train,3723
1,train,3724
1,train,3725
1,train,3727
1,train,3728
1,train,3730
1,train,3731
1,train,3732
1,train,3733
1,train,3734
1,train,3736
1,train,3739
1,train,3740
1,train,3743
1,train,3744
1,train,3746
1,train,3747
1,train,3748
1,train,3749
1,train,3750
1,train,3751
1,train,3752
1,train,3753
1,train,3754
1,train,3755
1,train,3756
1,train,3759
1,train,3760
1,train,3761
1,train,3762
1,train,3763
1,train,3764
1,train,3765
1,train,3766
1,train,3769
1,train,3770
1,train,3771
1,train,3772
1,train,3774
1,train,3775
1,train,3776
1,train,3777
1,train,3779
1,train,3780
1,train,3782
1,train,3783
1,train,3785
1,train,3786
1,train,3787
1,train,3788
1,train,3790
1,train,3791
1,train,3792
1,train,3793
1,train,3794
1,train,3795
1,train,3797
1,train,3798
1,train,3799
1,train,3802
1,train,3804
1,train,3805
1,train,3806
1,train,3807
1,train,3808
1,train,3809
1,train,3810
1,train,3811
1,train,3812
1,train,3814
1,train,3815
1,train,3816
1,train,3817
1,train,3818
1,train,3819
1,train,3820
1,train,3821
1,train,3822
1,train,3823
1,train,3824
1,train,3826
1,train,3828
1,train,3829
1,train,3830
1,train,3832
1,train,3833
1,train,3834
1,train,3835
1,train,3836
1,train,3837
1,train,3838
1,train,3839
1,train,3840
1,train,3841
1,train,3842
1,train,3843
1,train,3845
1,train,3847
1,train,3848
1,train,3849
1,train,3850
1,train,3851
1,train,3852
1,train,3853
1,train,3854
1,train,3855
1,train,3856
1,train,3857
1,train,3858
1,train,3859
1,train,3860
1,train,3861
1,train,3862
1,train,3863
1,train,3864
1,train,3866
1,train,3867
1,train,3868
1,train,3869
1,train,3871
1,train,3872
1,train,3873
1,train,3874
1,train,3875
1,train,3876
1,train,3877
1,train,3878
1,train,3879
1,train,3880
1,train,3881
1,train,3883
1,train,3884
1,train,3885
1,train,3886
1,train,3887
1,train,3888
1,train,3889
1,train,3890
1,train,3893
1,train,3894
1,train,3896
1,train,3897
1,train,3899
1,train,3900
1,train,3902
1,train,3903
1,train,3904
1,train,3905
1,train,3906
1,train,3907
1,train,3908
1,train,3909
1,train,3910
1,train,3911
1,train,3912
1,train,3913
1,train,3914
1,train,3915
1,train,3916
1,train,3918
1,train,3919
1,train,3920
1,train,3921
1,train,3922
1,train,3923
1,train,3926
1,train,3927
1,train,3928
1,train,3930
1,train,3931
1,train,3932
1,train,3933
1,train,3934
1,train,3936
1,train,3937
1,train,3938
1,train,3940
1,train,3941
1,train,3942
1,train,3943
1,train,3944
1,train,3945
1,train,3947
1,train,3948
1,train,3949
1,train,3950
1,train,3951
1,train,3952
1,train,3953
1,train,3955
1,train,3956
1,train,3957
1,train,3958
1,train,3960
1,train,3961
1,train,3962
1,train,3963
1,train,3964
1,train,3965
1,train,3966
1,train,3967
1,train,3968
1,train,3969
1,train,3970
1,train,3971
1,train,3972
1,train,3973
1,train,3974
1,train,3975
1,train,3976
1,train,3977
1,train,3978
1,train,3979
1,train,3980
1,train,3981
1,train,3982
1,train,3983
1,train,3986
1,train,3987
1,train,3988
1,train,3989
1,train,3991
1,train,3992
1,train,3993
1,train,3996
1,train,3998
1,train,3999
1,train,4000
1,train,4001
1,train,4002
1,train,4003
1,train,4004
1,train,4005
1,train,4007
1,train,4008
1,train,4009
1,train,4011
1,train,4012
1,train,4013
1,train,4014
1,train,4015
1,train,4016
1,train,4017
1,train,4020
1,train,4021
1,train,4022
1,train,4023
1,train,4027
1,train,4028
1,train,4029
1,train,4031
1,train,4032
1,train,4033
1,train,4034
1,train,4036
1,train,4037
1,train,4038
1,train,4039
1,train,4040
1,train,4041
1,train,4043
1,train,4045
1,train,4048
1,train,4050
1,train,4051
1,train,4053
1,train,4054
1,train,4055
1,train,4056
1,train,4057
1,train,4059
1,train,4060
1,train,4061
1,train,4062
1,train,4065
1,train,4066
1,train,4067
1,train,4068
1,train,4069
1,train,4070
1,train,4071
1,train,4072
1,train,4073
1,train,4076
1,train,4079
1,train,4080
1,train,4082
1,train,4083
1,train,4085
1,train,4086
1,train,4087
1,train,4088
1,train,4089
1,train,4090
1,train,4091
1,train,4094
1,train,4095
1,train,4097
1,train,4098
1,train,4100
1,train,4101
1,train,4102
1,train,4103
1,train,4104
1,train,4106
1,train,4109
1,train,4110
1,train,4112
1,train,4113
1,train,4115
1,train,4116
1,train,4117
1,train,4118
1,train,4119
1,train,4120
1,train,4122
1,train,4123
1,train,4125
1,train,4126
1,train,4127
1,train,4128
1,train,4129
1,train,4130
1,train,4131
1,train,4132
1,train,4134
1,train,4135
1,train,4137
1,train,4138
1,train,4139
1,train,4141
1,train,4144
1,train,4145
1,train,4147
1,train,4148
1,train,4149
1,train,4151
1,train,4152
1,train,4153
1,train,4156
1,train,4157
1,train,4158
1,train,4160
1,train,4161
1,train,4162
1,train,4164
1,train,4166
1,train,4168
1,train,4170
1,train,4171
1,train,4172
1,train,4173
1,train,4174
1,train,4177
1,train,4178
1,train,4181
1,train,4182
1,train,4183
1,train,4184
1,train,4187
1,train,4188
1,train,4189
1,train,4190
1,train,4191
1,train,4193
1,train,4195
1,train,4196
1,train,4197
1,train,4199
1,train,4200
1,train,4201
1,train,4202
1,train,4203
1,train,4205
1,train,4206
1,train,4207
1,train,4209
1,train,4211
1,train,4213
1,train,4215
1,train,4216
1,train,4217
1,train,4218
1,train,4219
1,train,4220
1,train,4221
1,train,4223
1,train,4224
1,train,4225
1,train,4226
1,train,4227
1,train,4229
1,train,4230
1,train,4232
1,train,4233
1,train,4234
1,train,4235
1,train,4236
1,train,4237
1,train,4238
1,train,4239
1,train,4242
1,train,4243
1,train,4245
1,train,4247
1,train,4248
1,train,4249
1,train,4250
1,train,4251
1,train,4252
1,train,4253
1,train,4254
1,train,4255
1,train,4256
1,train,4257
1,train,4258
1,train,4260
1,train,4261
1,train,4262
1,train,4263
1,train,4264
1,train,4265
1,train,4266
1,train,4267
1,train,4269
1,train,4270
1,train,4271
1,train,4272
1,train,4273
1,train,4274
1,train,4275
1,train,4276
1,train,4277
1,train,4280
1,train,4281
1,train,4282
1,train,4283
1,train,4284
1,train,4286
1,train,4287
1,train,4288
1,train,4289
1,train,4290
1,train,4291
1,train,4292
1,train,4293
1,train,4295
1,train,4296
1,train,4297
1,train,4298
1,train,4299
1,train,4300
1,train,4301
1,train,4303
1,train,4305
1,train,4306
1,train,4307
1,train,4308
1,train,4309
1,train,4310
1,train,4311
1,train,4312
1,train,4315
1,train,4316
1,train,4317
1,train,4318
1,train,4320
1,train,4321
1,train,4322
1,train,4324
1,train,4325
1,train,4326
1,train,4328
1,train,4329
1,train,4330
1,train,4331
1,train,4332
1,train,4334
1,train,4335
1,train,4336
1,train,4337
1,train,4338
1,train,4341
1,train,4345
1,train,4346
1,train,4347
1,train,4348
1,train,4349
1,train,4350
1,train,4351
1,train,4353
1,train,4354
1,train,4355
1,train,4357
1,train,4358
1,train,4359
1,train,4360
1,train,4361
1,train,4362
1,train,4365
1,train,4366
1,train,4367
1,train,4368
1,train,4369
1,train,4370
1,train,4371
1,train,4372
1,train,4373
1,train,4374
1,train,4375
1,train,4376
1,train,4377
1,train,4378
1,train,4379
1,train,4380
1,train,4381
1,train,4382
1,train,4383
1,train,4384
1,train,4385
1,train,4386
1,train,4387
1,train,4388
1,train,4389
1,train,4391
1,train,4392
1,train,4394
1,train,4395
1,train,4396
1,train,4397
1,train,4399
1,train,4402
1,train,4403
1,train,4406
1,train,4407
1,train,4408
1,train,4409
1,train,4410
1,train,4411
1,train,4412
1,train,4413
1,train,4414
1,train,4415
1,train,4416
1,test,8
1,test,14
1,test,17
1,test,19
1,test,23
1,test,29
1,test,30
1,test,32
1,test,33
1,test,43
1,test,45
1,test,51
1,test,52
1,test,61
1,test,69
1,test,70
1,test,73
1,test,80
1,test,84
1,test,93
1,test,95
1,test,96
1,test,99
1,test,109
1,test,120
1,test,132
1,test,134
1,test,139
1,test,144
1,test,149
1,test,150
1,test,151
1,test,152
1,test,156
1,test,157
1,test,166
1,test,170
1,test,174
1,test,175
1,test,177
1,test,179
1,test,180
1,test,184
1,test,188
1,test,192
1,test,196
1,test,205
1,test,211
1,test,217
1,test,220
1,test,227
1,test,229
1,test,238
1,test,239
1,test,240
1,test,251
1,test,252
1,test,254
1,test,270
1,test,274
1,test,279
1,test,287
1,test,290
1,test,293
1,test,296
1,test,297
1,test,298
1,test,305
1,test,308
1,test,309
1,test,314
1,test,315
1,test,318
1,test,325
1,test,330
1,test,332
1,test,351
1,test,353
1,test,360
1,test,366
1,test,371
1,test,376
1,test,387
1,test,393
1,test,402
1,test,408
1,test,410
1,test,414
1,test,415
1,test,416
1,test,426
1,test,429
1,test,432
1,test,433
1,test,436
1,test,438
1,test,443
1,test,445
1,test,457
1,test,461
1,test,463
1,test,465
1,test,468
1,test,471
1,test,478
1,test,486
1,test,490
1,test,494
1,test,495
1,test,497
1,test,501
1,test,505
1,test,506
1,test,511
1,test,518
1,test,530
1,test,538
1,test,544
1,test,551
1,test,555
1,test,561
1,test,564
1,test,567
1,test,568
1,test,576
1,test,584
1,test,589
1,test,594
1,test,596
1,test,598
1,test,599
1,test,602
1,test,605
1,test,618
1,test,620
1,test,621
1,test,625
1,test,626
1,test,642
1,test,643
1,test,650
1,test,657
1,test,668
1,test,670
1,test,676
1,test,677
1,test,683
1,test,691
1,test,693
1,test,705
1,test,718
1,test,720
1,test,721
1,test,731
1,test,734
1,test,744
1,test,746
1,test,751
1,test,755
1,test,759
1,test,764
1,test,776
1,test,783
1,test,787
1,test,790
1,test,794
1,test,798
1,test,800
1,test,802
1,test,803
1,test,807
1,test,810
1,test,811
1,test,812
1,test,817
1,test,829
1,test,831
1,test,833
1,test,838
1,test,842
1,test,843
1,test,856
1,test,857
1,test,862
1,test,869
1,test,871
1,test,877
1,test,879
1,test,881
1,test,888
1,test,889
1,test,893
1,test,897
1,test,903
1,test,907
1,test,911
1,test,912
1,test,949
1,test,960
1,test,964
1,test,969
1,test,978
1,test,990
1,test,999
1,test,1001
1,test,1010
1,test,1018
1,test,1020
1,test,1024
1,test,1025
1,test,1027
1,test,1029
1,test,1032
1,test,1034
1,test,1038
1,test,1041
1,test,1042
1,test,1044
1,test,1051
1,test,1052
1,test,1055
1,test,1056
1,test,1057
1,test,1068
1,test,1074
1,test,1075
1,test,1084
1,test,1090
1,test,1094
1,test,1102
1,test,1103
1,test,1113
1,test,1115
1,test,1123
1,test,1126
1,test,1128
1,test,1129
1,test,1146
1,test,1149
1,test,1157
1,test,1158
1,test,1161
1,test,1162
1,test,1163
1,test,1170
1,test,1174
1,test,1175
1,test,1180
1,test,1181
1,test,1186
1,test,1189
1,test,1192
1,test,1207
1,test,1210
1,test,1220
1,test,1222
1,test,1225
1,test,1228
1,test,1231
1,test,1235
1,test,1242
1,test,1253
1,test,1255
1,test,1257
1,test,1258
1,test,1260
1,test,1261
1,test,1272
1,test,1289
1,test,1295
1,test,1299
1,test,1309
1,test,1315
1,test,1330
1,test,1338
1,test,1340
1,test,1350
1,test,1351
1,test,1361
1,test,1362
1,test,1370
1,test,1374
1,test,1378
1,test,1392
1,test,1397
1,test,1402
1,test,1406
1,test,1407
1,test,1411
1,test,1413
1,test,1417
1,test,1421
1,test,1424
1,test,1426
1,test,1429
1,test,1434
1,test,1436
1,test,1437
1,test,1438
1,test,1444
1,test,1448
1,test,1451
1,test,1455
1,test,1456
1,test,1467
1,test,1474
1,test,1477
1,test,1479
1,test,1482
1,test,1483
1,test,1485
1,test,1487
1,test,1498
1,test,1499
1,test,1502
1,test,1503
1,test,1505
1,test,1507
1,test,1509
1,test,1512
1,test,1515
1,test,1532
1,test,1537
1,test,1539
1,test,1543
1,test,1545
1,test,1551
1,test,1554
1,test,1557
1,test,1558
1,test,1572
1,test,1580
1,test,1589
1,test,1593
1,test,1598
1,test,1600
1,test,1602
1,test,1606
1,test,1618
1,test,1620
1,test,1621
1,test,1626
1,test,1632
1,test,1634
1,test,1643
1,test,1659
1,test,1662
1,test,1670
1,test,1691
1,test,1698
1,test,1717
1,test,1718
1,test,1721
1,test,1723
1,test,1726
1,test,1728
1,test,1736
1,test,1738
1,test,1739
1,test,1740
1,test,1741
1,test,1744
1,test,1747
1,test,1749
1,test,1752
1,test,1770
1,test,1775
1,test,1777
1,test,1779
1,test,1780
1,test,1783
1,test,1784
1,test,1789
1,test,1800
1,test,1803
1,test,1812
1,test,1822
1,test,1829
1,test,1830
1,test,1832
1,test,1833
1,test,1839
1,test,1840
1,test,1842
1,test,1859
1,test,1867
1,test,1871
1,test,1880
1,test,1885
1,test,1891
1,test,1894
1,test,1896
1,test,1898
1,test,1905
1,test,1907
1,test,1909
1,test,1910
1,test,1915
1,test,1918
1,test,1923
1,test,1924
1,test,1954
1,test,1962
1,test,1964
1,test,1972
1,test,1973
1,test,1983
1,test,1988
1,test,1991
1,test,1995
1,test,2014
1,test,2018
1,test,2019
1,test,2022
1,test,2023
1,test,2024
1,test,2028
1,test,2053
1,test,2080
1,test,2083
1,test,2086
1,test,2088
1,test,2090
1,test,2092
1,test,2093
1,test,2096
1,test,2097
1,test,2099
1,test,2101
1,test,2107
1,test,2114
1,test,2115
1,test,2118
1,test,2119
1,test,2121
1,test,2124
1,test,2131
1,test,2138
1,test,2144
1,test,2146
1,test,2155
1,test,2157
1,test,2164
1,test,2168
1,test,2170
1,test,2177
1,test,2181
1,test,2184
1,test,2185
1,test,2186
1,test,2191
1,test,2197
1,test,2202
1,test,2208
1,test,2215
1,test,2223
1,test,2227
1,test,2233
1,test,2238
1,test,2240
1,test,2258
1,test,2266
1,test,2269
1,test,2276
1,test,2282
1,test,2285
1,test,2297
1,test,2301
1,test,2302
1,test,2304
1,test,2309
1,test,2312
1,test,2314
1,test,2320
1,test,2321
1,test,2325
1,test,2331
1,test,2333
1,test,2341
1,test,2342
1,test,2345
1,test,2348
1,test,2354
1,test,2357
1,test,2358
1,test,2361
1,test,2364
1,test,2369
1,test,2374
1,test,2392
1,test,2401
1,test,2407
1,test,2411
1,test,2426
1,test,2429
1,test,2431
1,test,2437
1,test,2442
1,test,2446
1,test,2456
1,test,2457
1,test,2460
1,test,2464
1,test,2465
1,test,2468
1,test,2470
1,test,2471
1,test,2474
1,test,2475
1,test,2486
1,test,2493
1,test,2505
1,test,2512
1,test,2519
1,test,2525
1,test,2527
1,test,2531
1,test,2532
1,test,2534
1,test,2540
1,test,2542
1,test,2545
1,test,2547
1,test,2552
1,test,2554
1,test,2564
1,test,2567
1,test,2572
1,test,2576
1,test,2578
1,test,2583
1,test,2588
1,test,2589
1,test,2602
1,test,2609
1,test,2614
1,test,2617
1,test,2620
1,test,2627
1,test,2631
1,test,2634
1,test,2638
1,test,2639
1,test,2640
1,test,2644
1,test,2646
1,test,2647
1,test,2653
1,test,2655
1,test,2656
1,test,2663
1,test,2664
1,test,2677
1,test,2684
1,test,2685
1,test,2698
1,test,2716
1,test,2718
1,test,2720
1,test,2725
1,test,2727
1,test,2740
1,test,2751
1,test,2753
1,test,2755
1,test,2759
1,test,2763
1,test,2764
1,test,2772
1,test,2775
1,test,2788
1,test,2789
1,test,2792
1,test,2819
1,test,2820
1,test,2822
1,test,2825
1,test,2833
1,test,2834
1,test,2836
1,test,2843
1,test,2844
1,test,2856
1,test,2857
1,test,2865
1,test,2881
1,test,2886
1,test,2894
1,test,2902
1,test,2903
1,test,2905
1,test,2909
1,test,2916
1,test,2924
1,test,2925
1,test,2937
1,test,2941
1,test,2942
1,test,2944
1,test,2948
1,test,2951
1,test,2964
1,test,2971
1,test,2973
1,test,2979
1,test,2980
1,test,2986
1,test,2988
1,test,2992
1,test,3014
1,test,3022
1,test,3024
1,test,3026
1,test,3028
1,test,3032
1,test,3033
1,test,3038
1,test,3048
1,test,3064
1,test,3066
1,test,3078
1,test,3088
1,test,3095
1,test,3102
1,test,3105
1,test,3106
1,test,3107
1,test,3109
1,test,3112
1,test,3114
1,test,3138
1,test,3139
1,test,3150
1,test,3153
1,test,3162
1,test,3165
1,test,3172
1,test,3174
1,test,3188
1,test,3193
1,test,3207
1,test,3224
1,test,3226
1,test,3241
1,test,3247
1,test,3248
1,test,3250
1,test,3258
1,test,3270
1,test,3280
1,test,3282
1,test,3286
1,test,3288
1,test,3291
1,test,3297
1,test,3312
1,test,3316
1,test,3318
1,test,3320
1,test,3321
1,test,3328
1,test,3333
1,test,3340
1,test,3344
1,test,3347
1,test,3349
1,test,3357
1,test,3359
1,test,3365
1,test,3366
1,test,3368
1,test,3375
1,test,3378
1,test,3396
1,test,3403
1,test,3406
1,test,3414
1,test,3416
1,test,3423
1,test,3424
1,test,3426
1,test,3429
1,test,3434
1,test,3437
1,test,3438
1,test,3439
1,test,3442
1,test,3463
1,test,3468
1,test,3503
1,test,3507
1,test,3508
1,test,3516
1,test,3528
1,test,3543
1,test,3548
1,test,3550
1,test,3554
1,test,3560
1,test,3566
1,test,3569
1,test,3570
1,test,3586
1,test,3587
1,test,3601
1,test,3613
1,test,3622
1,test,3623
1,test,3624
1,test,3630
1,test,3634
1,test,3639
1,test,3640
1,test,3650
1,test,3653
1,test,3658
1,test,3664
1,test,3673
1,test,3678
1,test,3681
1,test,3685
1,test,3690
1,test,3691
1,test,3699
1,test,3702
1,test,3703
1,test,3704
1,test,3712
1,test,3715
1,test,3720
1,test,3721
1,test,3726
1,test,3729
1,test,3735
1,test,3737
1,test,3738
1,test,3741
1,test,3742
1,test,3745
1,test,3757
1,test,3758
1,test,3767
1,test,3768
1,test,3773
1,test,3778
1,test,3781
1,test,3784
1,test,3789
1,test,3796
1,test,3800
1,test,3801
1,test,3803
1,test,3813
1,test,3825
1,test,3827
1,test,3831
1,test,3844
1,test,3846
1,test,3865
1,test,3870
1,test,3882
1,test,3891
1,test,3892
1,test,3895
1,test,3898
1,test,3901
1,test,3917
1,test,3924
1,test,3925
1,test,3929
1,test,3935
1,test,3939
1,test,3946
1,test,3954
1,test,3959
1,test,3984
1,test,3985
1,test,3990
1,test,3994
1,test,3995
1,test,3997
1,test,4006
1,test,4010
1,test,4018
1,test,4019
1,test,4024
1,test,4025
1,test,4026
1,test,4030
1,test,4035
1,test,4042
1,test,4044
1,test,4046
1,test,4047
1,test,4049
1,test,4052
1,test,4058
1,test,4063
1,test,4064
1,test,4074
1,test,4075
1,test,4077
1,test,4078
1,test,4081
1,test,4084
1,test,4092
1,test,4093
1,test,4096
1,test,4099
1,test,4105
1,test,4107
1,test,4108
1,test,4111
1,test,4114
1,test,4121
1,test,4124
1,test,4133
1,test,4136
1,test,4140
1,test,4142
1,test,4143
1,test,4146
1,test,4150
1,test,4154
1,test,4155
1,test,4159
1,test,4163
1,test,4165
1,test,4167
1,test,4169
1,test,4175
1,test,4176
1,test,4179
1,test,4180
1,test,4185
1,test,4186
1,test,4192
1,test,4194
1,test,4198
1,test,4204
1,test,4208
1,test,4210
1,test,4212
1,test,4214
1,test,4222
1,test,4228
1,test,4231
1,test,4240
1,test,4241
1,test,4244
1,test,4246
1,test,4259
1,test,4268
1,test,4278
1,test,4279
1,test,4285
1,test,4294
1,test,4302
1,test,4304
1,test,4313
1,test,4314
1,test,4319
1,test,4323
1,test,4327
1,test,4333
1,test,4339
1,test,4340
1,test,4342
1,test,4343
1,test,4344
1,test,4352
1,test,4356
1,test,4363
1,test,4364
1,test,4390
1,test,4393
1,test,4398
1,test,4400
1,test,4401
1,test,4404
1,test,4405
1,test,4417
1,test,4418
1,test,4419
2,train,1
2,train,2
2,train,3
2,train,4
2,train,5
2,train,8
2,train,9
2,train,10
2,train,11
2,train,13
2,train,14
2,train,15
2,train,16
2,train,17
2,train,18
2,train,19
2,train,20
2,train,21
2,train,22
2,train,23
2,train,24
2,train,27
2,train,28
2,train,29
2,train,30
2,train,32
2,train,33
2,train,34
2,train,35
2,train,36
2,train,37
2,train,38
2,train,39
2,train,40
2,train,41
2,train,42
2,train,43
2,train,45
2,train,46
2,train,47
2,train,49
2,train,50
2,train,51
2,train,52
2,train,53
2,train,54
2,train,55
2,train,57
2,train,60
2,train,61
2,train,62
2,train,64
2,train,66
2,train,68
2,train,69
2,train,70
2,train,71
2,train,72
2,train,73
2,train,74
2,train,75
2,train,77
2,train,78
2,train,79
2,train,80
2,train,81
2,train,82
2,train,83
2,train,84
2,train,85
2,train,86
2,train,87
2,train,89
2,train,90
2,train,91
2,train,92
2,train,93
2,train,94
2,train,95
2,train,96
2,train,97
2,train,98
2,train,99
2,train,100
2,train,101
2,train,104
2,train,105
2,train,106
2,train,107
2,train,109
2,train,110
2,train,111
2,train,112
2,train,114
2,train,115
2,train,116
2,train,117
2,train,118
2,train,119
2,train,120
2,train,121
2,train,123
2,train,125
2,train,126
2,train,127
2,train,128
2,train,129
2,train,130
2,train,131
2,train,132
2,train,133
2,train,134
2,train,135
2,train,136
2,train,137
2,train,138
2,train,139
2,train,140
2,train,142
2,train,143
2,train,144
2,train,145
2,train,146
2,train,147
2,train,148
2,train,149
2,train,150
2,train,151
2,train,152
2,train,153
2,train,154
2,train,156
2,train,157
2,train,158
2,train,159
2,train,160
2,train,161
2,train,163
2,train,164
2,train,165
2,train,166
2,train,167
2,train,168
2,train,169
2,train,170
2,train,171
2,train,172
2,train,174
2,train,175
2,train,177
2,train,179
2,train,180
2,train,181
2,train,182
2,train,184
2,train,185
2,train,186
2,train,188
2,train,189
2,train,190
2,train,191
2,train,192
2,train,193
2,train,196
2,train,197
2,train,199
2,train,200
2,train,201
2,train,202
2,train,204
2,train,205
2,train,206
2,train,207
2,train,211
2,train,212
2,train,213
2,train,215
2,train,216
2,train,217
2,train,220
2,train,223
2,train,224
2,train,225
2,train,227
2,train,228
2,train,229
2,train,230
2,train,231
2,train,232
2,train,233
2,train,234
2,train,235
2,train,236
2,train,237
2,train,238
2,train,239
2,train,240
2,train,241
2,train,242
2,train,243
2,train,244
2,train,248
2,train,249
2,train,250
2,train,251
2,train,252
2,train,253
2,train,254
2,train,255
2,train,260
2,train,261
2,train,262
2,train,264
2,train,265
2,train,267
2,train,269
2,train,270
2,train,271
2,train,272
2,train,273
2,train,274
2,train,275
2,train,276
2,train,277
2,train,279
2,train,280
2,train,281
2,train,282
2,train,284
2,train,285
2,train,287
2,train,290
2,train,292
2,train,293
2,train,294
2,train,296
2,train,297
2,train,298
2,train,300
2,train,301
2,train,302
2,train,303
2,train,304
2,train,305
2,train,306
2,train,307
2,train,308
2,train,309
2,train,310
2,train,311
2,train,312
2,train,314
2,train,315
2,train,316
2,train,317
2,train,318
2,train,319
2,train,320
2,train,323
2,train,325
2,train,326
2,train,327
2,train,328
2,train,329
2,train,330
2,train,332
2,train,333
2,train,334
2,train,335
2,train,336
2,train,337
2,train,338
2,train,339
2,train,340
2,train,341
2,train,344
2,train,345
2,train,347
2,train,348
2,train,349
2,train,350
2,train,351
2,train,352
2,train,353
2,train,355
2,train,356
2,train,357
2,train,359
2,train,360
2,train,361
2,train,362
2,train,363
2,train,364
2,train,365
2,train,366
2,train,367
2,train,369
2,train,371
2,train,372
2,train,373
2,train,374
2,train,375
2,train,376
2,train,377
2,train,379
2,train,380
2,train,384
2,train,385
2,train,387
2,train,388
2,train,389
2,train,390
2,train,391
2,train,392
2,train,393
2,train,394
2,train,395
2,train,396
2,train,398
2,train,399
2,train,400
2,train,401
2,train,402
2,train,403
2,train,404
2,train,405
2,train,406
2,train,407
2,train,408
2,train,409
2,train,410
2,train,412
2,train,413
2,train,414
2,train,415
2,train,416
2,train,417
2,train,419
2,train,420
2,train,421
2,train,424
2,train,425
2,train,426
2,train,427
2,train,428
2,train,429
2,train,431
2,train,432
2,train,433
2,train,434
2,train,435
2,train,436
2,train,437
2,train,438
2,train,440
2,train,441
2,train,443
2,train,444
2,train,445
2,train,446
2,train,447
2,train,448
2,train,451
2,train,452
2,train,453
2,train,454
2,train,455
2,train,456
2,train,457
2,train,458
2,train,459
2,train,460
2,train,461
2,train,462
2,train,463
2,train,464
2,train,465
2,train,466
2,train,467
2,train,468
2,train,469
2,train,470
2,train,471
2,train,472
2,train,473
2,train,474
2,train,475
2,train,476
2,train,477
2,train,478
2,train,480
2,train,481
2,train,482
2,train,483
2,train,484
2,train,486
2,train,487
2,train,488
2,train,489
2,train,490
2,train,492
2,train,493
2,train,494
2,train,495
2,train,496
2,train,497
2,train,498
2,train,499
2,train,501
2,train,502
2,train,503
2,train,504
2,train,505
2,train,506
2,train,509
2,train,510
2,train,511
2,train,512
2,train,513
2,train,514
2,train,515
2,train,516
2,train,517
2,train,518
2,train,519
2,train,520
2,train,521
2,train,522
2,train,523
2,train,524
2,train,525
2,train,526
2,train,529
2,train,530
2,train,531
2,train,533
2,train,536
2,train,537
2,train,538
2,train,539
2,train,540
2,train,541
2,train,542
2,train,544
2,train,545
2,train,548
2,train,550
2,train,551
2,train,552
2,train,553
2,train,555
2,train,556
2,train,558
2,train,559
2,train,560
2,train,561
2,train,562
2,train,563
2,train,564
2,train,566
2,train,567
2,train,568
2,train,569
2,train,571
2,train,574
2,train,575
2,train,576
2,train,577
2,train,579
2,train,580
2,train,583
2,train,584
2,train,585
2,train,587
2,train,588
2,train,589
2,train,590
2,train,591
2,train,592
2,train,593
2,train,594
2,train,595
2,train,596
2,train,597
2,train,598
2,train,599
2,train,600
2,train,602
2,train,603
2,train,605
2,train,606
2,train,607
2,train,608
2,train,609
2,train,614
2,train,615
2,train,616
2,train,618
2,train,619
2,train,620
2,train,621
2,train,622
2,train,623
2,train,624
2,train,625
2,train,626
2,train,628
2,train,629
2,train,630
2,train,632
2,train,633
2,train,634
2,train,635
2,train,636
2,train,638
2,train,641
2,train,642
2,train,643
2,train,645
2,train,646
2,train,649
2,train,650
2,train,651
2,train,652
2,train,653
2,train,656
2,train,657
2,train,659
2,train,660
2,train,661
2,train,662
2,train,663
2,train,664
2,train,666
2,train,667
2,train,668
2,train,670
2,train,671
2,train,672
2,train,673
2,train,674
2,train,675
2,train,676
2,train,677
2,train,681
2,train,683
2,train,684
2,train,685
2,train,686
2,train,687
2,train,688
2,train,689
2,train,691
2,train,692
2,train,693
2,train,694
2,train,695
2,train,696
2,train,698
2,train,699
2,train,701
2,train,702
2,train,703
2,train,704
2,train,705
2,train,706
2,train,707
2,train,708
2,train,709
2,train,710
2,train,711
2,train,713
2,train,714
2,train,715
2,train,716
2,train,717
2,train,718
2,train,719
2,train,720
2,train,721
2,train,722
2,train,723
2,train,724
2,train,725
2,train,726
2,train,728
2,train,730
2,train,731
2,train,732
2,train,734
2,train,735
2,train,737
2,train,738
2,train,739
2,train,740
2,train,741
2,train,743
2,train,744
2,train,745
2,train,746
2,train,747
2,train,749
2,train,750
2,train,751
2,train,753
2,train,754
2,train,755
2,train,757
2,train,758
2,train,759
2,train,760
2,train,762
2,train,763
2,train,764
2,train,766
2,train,767
2,train,768
2,train,769
2,train,770
2,train,771
2,train,772
2,train,774
2,train,775
2,train,776
2,train,777
2,train,778
2,train,779
2,train,780
2,train,782
2,train,783
2,train,784
2,train,786
2,train,787
2,train,788
2,train,789
2,train,790
2,train,791
2,train,792
2,train,793
2,train,794
2,train,795
2,train,796
2,train,797
2,train,798
2,train,799
2,train,800
2,train,801
2,train,802
2,train,803
2,train,804
2,train,806
2,train,807
2,train,808
2,train,810
2,train,811
2,train,812
2,train,813
2,train,814
2,train,815
2,train,817
2,train,819
2,train,820
2,train,821
2,train,822
2,train,823
2,train,824
2,train,825
2,train,826
2,train,827
2,train,828
2,train,829
2,train,830
2,train,831
2,train,832
2,train,833
2,train,834
2,train,835
2,train,837
2,train,838
2,train,842
2,train,843
2,train,844
2,train,845
2,train,846
2,train,848
2,train,849
2,train,850
2,train,851
2,train,852
2,train,853
2,train,854
2,train,855
2,train,856
2,train,857
2,train,858
2,train,859
2,train,860
2,train,861
2,train,862
2,train,863
2,train,868
2,train,869
2,train,870
2,train,871
2,train,872
2,train,873
2,train,875
2,train,876
2,train,877
2,train,878
2,train,879
2,train,880
2,train,881
2,train,882
2,train,884
2,train,885
2,train,886
2,train,887
2,train,888
2,train,889
2,train,890
2,train,891
2,train,892
2,train,893
2,train,894
2,train,895
2,train,896
2,train,897
2,train,899
2,train,900
2,train,901
2,train,902
2,train,903
2,train,904
2,train,906
2,train,907
2,train,909
2,train,911
2,train,912
2,train,913
2,train,914
2,train,916
2,train,917
2,train,918
2,train,919
2,train,920
2,train,922
2,train,924
2,train,928
2,train,931
2,train,933
2,train,934
2,train,935
2,train,936
2,train,938
2,train,939
2,train,942
2,train,943
2,train,944
2,train,945
2,train,946
2,train,947
2,train,949
2,train,950
2,train,951
2,train,953
2,train,954
2,train,955
2,train,956
2,train,957
2,train,959
2,train,960
2,train,961
2,train,962
2,train,963
2,train,964
2,train,966
2,train,967
2,train,968
2,train,969
2,train,970
2,train,971
2,train,972
2,train,973
2,train,974
2,train,975
2,train,977
2,train,978
2,train,980
2,train,982
2,train,983
2,train,984
2,train,986
2,train,987
2,train,988
2,train,989
2,train,990
2,train,991
2,train,992
2,train,993
2,train,994
2,train,995
2,train,996
2,train,998
2,train,999
2,train,1000
2,train,1001
2,train,1002
2,train,1004
2,train,1005
2,train,1007
2,train,1008
2,train,1009
2,train,1010
2,train,1012
2,train,1013
2,train,1014
2,train,1015
2,train,1016
2,train,1018
2,train,1019
2,train,1020
2,train,1021
2,train,1024
2,train,1025
2,train,1026
2,train,1027
2,train,1028
2,train,1029
2,train,1030
2,train,1031
2,train,1032
2,train,1033
2,train,1034
2,train,1035
2,train,1036
2,train,1038
2,train,1039
2,train,1040
2,train,1041
2,train,1042
2,train,1043
2,train,1044
2,train,1045
2,train,1046
2,train,1048
2,train,1049
2,train,1050
2,train,1051
2,train,1052
2,train,1053
2,train,1054
2,train,1055
2,train,1056
2,train,1057
2,train,1058
2,train,1059
2,train,1060
2,train,1062
2,train,1063
2,train,1065
2,train,1066
2,train,1067
2,train,1068
2,train,1069
2,train,1072
2,train,1074
2,train,1075
2,train,1076
2,train,1077
2,train,1079
2,train,1081
2,train,1082
2,train,1083
2,train,1084
2,train,1085
2,train,1086
2,train,1087
2,train,1089
2,train,1090
2,train,1092
2,train,1093
2,train,1094
2,train,1098
2,train,1100
2,train,1101
2,train,1102
2,train,1103
2,train,1107
2,train,1109
2,train,1111
2,train,1112
2,train,1113
2,train,1115
2,train,1118
2,train,1120
2,train,1121
2,train,1122
2,train,1123
2,train,1125
2,train,1126
2,train,1127
2,train,1128
2,train,1129
2,train,1131
2,train,1133
2,train,1134
2,train,1136
2,train,1137
2,train,1139
2,train,1140
2,train,1141
2,train,1142
2,train,1143
2,train,1144
2,train,1145
2,train,1146
2,train,1147
2,train,1148
2,train,1149
2,train,1150
2,train,1151
2,train,1153
2,train,1154
2,train,1155
2,train,1156
2,train,1157
2,train,1158
2,train,1160
2,train,1161
2,train,1162
2,train,1163
2,train,1165
2,train,1166
2,train,1167
2,train,1168
2,train,1169
2,train,1170
2,train,1172
2,train,1174
2,train,1175
2,train,1177
2,train,1179
2,train,1180
2,train,1181
2,train,1182
2,train,1184
2,train,1186
2,train,1189
2,train,1190
2,train,1191
2,train,1192
2,train,1193
2,train,1194
2,train,1195
2,train,1196
2,train,1197
2,train,1198
2,train,1199
2,train,1201
2,train,1202
2,train,1203
2,train,1205
2,train,1206
2,train,1207
2,train,1208
2,train,1209
2,train,1210
2,train,1212
2,train,1214
2,train,1215
2,train,1217
2,train,1218
2,train,1219
2,train,1220
2,train,1222
2,train,1223
2,train,1224
2,train,1225
2,train,1227
2,train,1228
2,train,1229
2,train,1230
2,train,1231
2,train,1232
2,train,1234
2,train,1235
2,train,1236
2,train,1238
2,train,1239
2,train,1240
2,train,1241
2,train,1242
2,train,1243
2,train,1245
2,train,1246
2,train,1247
2,train,1248
2,train,1249
2,train,1250
2,train,1251
2,train,1252
2,train,1253
2,train,1254
2,train,1255
2,train,1256
2,train,1257
2,train,1258
2,train,1259
2,train,1260
2,train,1261
2,train,1262
2,train,1265
2,train,1266
2,train,1267
2,train,1269
2,train,1271
2,train,1272
2,train,1273
2,train,1274
2,train,1275
2,train,1276
2,train,1277
2,train,1279
2,train,1280
2,train,1282
2,train,1284
2,train,1285
2,train,1286
2,train,1287
2,train,1289
2,train,1290
2,train,1291
2,train,1294
2,train,1295
2,train,1296
2,train,1297
2,train,1299
2,train,1300
2,train,1301
2,train,1303
2,train,1304
2,train,1305
2,train,1306
2,train,1307
2,train,1308
2,train,1309
2,train,1310
2,train,1311
2,train,1312
2,train,1314
2,train,1315
2,train,1316
2,train,1317
2,train,1318
2,train,1319
2,train,1324
2,train,1325
2,train,1327
2,train,1328
2,train,1329
2,train,1330
2,train,1331
2,train,1332
2,train,1333
2,train,1335
2,train,1338
2,train,1339
2,train,1340
2,train,1341
2,train,1342
2,train,1343
2,train,1346
2,train,1347
2,train,1348
2,train,1349
2,train,1350
2,train,1351
2,train,1352
2,train,1353
2,train,1354
2,train,1355
2,train,1357
2,train,1358
2,train,1359
2,train,1360
2,train,1361
2,train,1362
2,train,1363
2,train,1364
2,train,1365
2,train,1367
2,train,1368
2,train,1369
2,train,1370
2,train,1371
2,train,1372
2,train,1374
2,train,1375
2,train,1376
2,train,1378
2,train,1379
2,train,1380
2,train,1381
2,train,1382
2,train,1383
2,train,1384
2,train,1385
2,train,1386
2,train,1387
2,train,1388
2,train,1389
2,train,1390
2,train,1392
2,train,1394
2,train,1396
2,train,1397
2,train,1399
2,train,1401
2,train,1402
2,train,1403
2,train,1405
2,train,1406
2,train,1407
2,train,1408
2,train,1409
2,train,1410
2,train,1411
2,train,1413
2,train,1414
2,train,1415
2,train,1416
2,train,1417
2,train,1418
2,train,1420
2,train,1421
2,train,1423
2,train,1424
2,train,1425
2,train,1426
2,train,1428
2,train,1429
2,train,1430
2,train,1433
2,train,1434
2,train,1435
2,train,1436
2,train,1437
2,train,1438
2,train,1439
2,train,1440
2,train,1441
2,train,1442
2,train,1443
2,train,1444
2,train,1445
2,train,1446
2,train,1447
2,train,1448
2,train,1449
2,train,1451
2,train,1452
2,train,1453
2,train,1455
2,train,1456
2,train,1458
2,train,1459
2,train,1460
2,train,1462
2,train,1463
2,train,1464
2,train,1465
2,train,1466
2,train,1467
2,train,1469
2,train,1470
2,train,1471
2,train,1472
2,train,1473
2,train,1474
2,train,1475
2,train,1477
2,train,1478
2,train,1479
2,train,1481
2,train,1482
2,train,1483
2,train,1484
2,train,1485
2,train,1486
2,train,1487
2,train,1489
2,train,1492
2,train,1493
2,train,1494
2,train,1495
2,train,1496
2,train,1498
2,train,1499
2,train,1500
2,train,1502
2,train,1503
2,train,1505
2,train,1506
2,train,1507
2,train,1508
2,train,1509
2,train,1511
2,train,1512
2,train,1514
2,train,1515
2,train,1516
2,train,1518
2,train,1519
2,train,1520
2,train,1521
2,train,1523
2,train,1524
2,train,1525
2,train,1526
2,train,1527
2,train,1528
2,train,1529
2,train,1530
2,train,1531
2,train,1532
2,train,1535
2,train,1537
2,train,1539
2,train,1540
2,train,1541
2,train,1542
2,train,1543
2,train,1544
2,train,1545
2,train,1546
2,train,1547
2,train,1548
2,train,1549
2,train,1551
2,train,1553
2,train,1554
2,train,1555
2,train,1557
2,train,1558
2,train,1559
2,train,1560
2,train,1561
2,train,1562
2,train,1567
2,train,1568
2,train,1570
2,train,1571
2,train,1572
2,train,1573
2,train,1574
2,train,1575
2,train,1576
2,train,1577
2,train,1579
2,train,1580
2,train,1581
2,train,1583
2,train,1584
2,train,1585
2,train,1587
2,train,1589
2,train,1591
2,train,1593
2,train,1594
2,train,1596
2,train,1597
2,train,1598
2,train,1599
2,train,1600
2,train,1601
2,train,1602
2,train,1603
2,train,1604
2,train,1605
2,train,1606
2,train,1607
2,train,1608
2,train,1613
2,train,1617
2,train,1618
2,train,1619
2,train,1620
2,train,1621
2,train,1622
2,train,1624
2,train,1625
2,train,1626
2,train,1628
2,train,1629
2,train,1630
2,train,1631
2,train,1632
2,train,1633
2,train,1634
2,train,1635
2,train,1636
2,train,1637
2,train,1638
2,train,1639
2,train,1640
2,train,1643
2,train,1644
2,train,1645
2,train,1646
2,train,1648
2,train,1649
2,train,1653
2,train,1654
2,train,1655
2,train,1656
2,train,1658
2,train,1659
2,train,1660
2,train,1661
2,train,1662
2,train,1663
2,train,1664
2,train,1667
2,train,1668
2,train,1669
2,train,1670
2,train,1671
2,train,1673
2,train,1674
2,train,1676
2,train,1677
2,train,1678
2,train,1679
2,train,1680
2,train,1681
2,train,1682
2,train,1683
2,train,1685
2,train,1686
2,train,1687
2,train,1688
2,train,1689
2,train,1690
2,train,1691
2,train,1692
2,train,1693
2,train,1695
2,train,1696
2,train,1698
2,train,1699
2,train,1700
2,train,1701
2,train,1704
2,train,1706
2,train,1707
2,train,1708
2,train,1709
2,train,1710
2,train,1711
2,train,1712
2,train,1713
2,train,1715
2,train,1716
2,train,1717
2,train,1718
2,train,1719
2,train,1721
2,train,1722
2,train,1723
2,train,1724
2,train,1725
2,train,1726
2,train,1728
2,train,1731
2,train,1733
2,train,1734
2,train,1735
2,train,1736
2,train,1737
2,train,1738
2,train,1739
2,train,1740
2,train,1741
2,train,1742
2,train,1744
2,train,1747
2,train,1748
2,train,1749
2,train,1750
2,train,1752
2,train,1753
2,train,1754
2,train,1755
2,train,1756
2,train,1757
2,train,1759
2,train,1761
2,train,1762
2,train,1763
2,train,1764
2,train,1766
2,train,1768
2,train,1770
2,train,1771
2,train,1772
2,train,1773
2,train,1774
2,train,1775
2,train,1776
2,train,1777
2,train,1779
2,train,1780
2,train,1781
2,train,1782
2,train,1783
2,train,1784
2,train,1785
2,train,1787
2,train,1789
2,train,1790
2,train,1791
2,train,1792
2,train,1794
2,train,1795
2,train,1796
2,train,1797
2,train,1798
2,train,1799
2,train,1800
2,train,1801
2,train,1802
2,train,1803
2,train,1804
2,train,1805
2,train,1806
2,train,1809
2,train,1810
2,train,1811
2,train,1812
2,train,1816
2,train,1817
2,train,1819
2,train,1820
2,train,1821
2,train,1822
2,train,1823
2,train,1824
2,train,1825
2,train,1826
2,train,1827
2,train,1828
2,train,1829
2,train,1830
2,train,1832
2,train,1833
2,train,1834
2,train,1836
2,train,1838
2,train,1839
2,train,1840
2,train,1841
2,train,1842
2,train,1843
2,train,1845
2,train,1847
2,train,1848
2,train,1849
2,train,1850
2,train,1851
2,train,1852
2,train,1853
2,train,1854
2,train,1855
2,train,1856
2,train,1857
2,train,1858
2,train,1859
2,train,1863
2,train,1865
2,train,1866
2,train,1867
2,train,1868
2,train,1870
2,train,1871
2,train,1875
2,train,1878
2,train,1879
2,train,1880
2,train,1881
2,train,1882
2,train,1883
2,train,1884
2,train,1885
2,train,1887
2,train,1888
2,train,1889
2,train,1890
2,train,1891
2,train,1892
2,train,1893
2,train,1894
2,train,1895
2,train,1896
2,train,1898
2,train,1899
2,train,1900
2,train,1901
2,train,1903
2,train,1905
2,train,1906
2,train,1907
2,train,1908
2,train,1909
2,train,1910
2,train,1911
2,train,1913
2,train,1914
2,train,1915
2,train,1916
2,train,1917
2,train,1918
2,train,1920
2,train,1922
2,train,1923
2,train,1924
2,train,1925
2,train,1927
2,train,1928
2,train,1930
2,train,1931
2,train,1932
2,train,1933
2,train,1934
2,train,1935
2,train,1936
2,train,1937
2,train,1939
2,train,1940
2,train,1942
2,train,1943
2,train,1944
2,train,1946
2,train,1947
2,train,1948
2,train,1949
2,train,1950
2,train,1951
2,train,1953
2,train,1954
2,train,1955
2,train,1956
2,train,1958
2,train,1959
2,train,1960
2,train,1962
2,train,1963
2,train,1964
2,train,1968
2,train,1969
2,train,1970
2,train,1971
2,train,1972
2,train,1973
2,train,1975
2,train,1976
2,train,1977
2,train,1978
2,train,1979
2,train,1980
2,train,1981
2,train,1982
2,train,1983
2,train,1984
2,train,1985
2,train,1986
2,train,1987
2,train,1988
2,train,1989
2,train,1990
2,train,1991
2,train,1992
2,train,1993
2,train,1994
2,train,1995
2,train,1996
2,train,1997
2,train,1998
2,train,1999
2,train,2000
2,train,2001
2,train,2002
2,train,2003
2,train,2006
2,train,2007
2,train,2008
2,train,2009
2,train,2010
2,train,2012
2,train,2013
2,train,2014
2,train,2017
2,train,2018
2,train,2019
2,train,2020
2,train,2021
2,train,2022
2,train,2023
2,train,2024
2,train,2026
2,train,2027
2,train,2028
2,train,2030
2,train,2031
2,train,2032
2,train,2033
2,train,2034
2,train,2035
2,train,2036
2,train,2037
2,train,2038
2,train,2039
2,train,2040
2,train,2041
2,train,2043
2,train,2044
2,train,2045
2,train,2046
2,train,2047
2,train,2048
2,train,2049
2,train,2050
2,train,2051
2,train,2052
2,train,2053
2,train,2054
2,train,2055
2,train,2056
2,train,2057
2,train,2058
2,train,2060
2,train,2061
2,train,2062
2,train,2063
2,train,2064
2,train,2065
2,train,2066
2,train,2068
2,train,2069
2,train,2070
2,train,2071
2,train,2072
2,train,2074
2,train,2075
2,train,2076
2,train,2078
2,train,2079
2,train,2080
2,train,2081
2,train,2082
2,train,2083
2,train,2084
2,train,2085
2,train,2086
2,train,2087
2,train,2088
2,train,2089
2,train,2090
2,train,2092
2,train,2093
2,train,2094
2,train,2095
2,train,2096
2,train,2097
2,train,2099
2,train,2100
2,train,2101
2,train,2102
2,train,2104
2,train,2105
2,train,2106
2,train,2107
2,train,2108
2,train,2109
2,train,2110
2,train,2111
2,train,2113
2,train,2114
2,train,2115
2,train,2116
2,train,2118
2,train,2119
2,train,2120
2,train,2121
2,train,2122
2,train,2124
2,train,2125
2,train,2126
2,train,2128
2,train,2129
2,train,2131
2,train,2132
2,train,2133
2,train,2134
2,train,2136
2,train,2137
2,train,2138
2,train,2139
2,train,2140
2,train,2141
2,train,2142
2,train,2143
2,train,2144
2,train,2145
2,train,2146
2,train,2147
2,train,2149
2,train,2150
2,train,2151
2,train,2152
2,train,2155
2,train,2156
2,train,2157
2,train,2158
2,train,2160
2,train,2161
2,train,2162
2,train,2163
2,train,2164
2,train,2165
2,train,2166
2,train,2167
2,train,2168
2,train,2169
2,train,2170
2,train,2171
2,train,2173
2,train,2175
2,train,2177
2,train,2178
2,train,2180
2,train,2181
2,train,2182
2,train,2184
2,train,2185
2,train,2186
2,train,2187
2,train,2188
2,train,2189
2,train,2190
2,train,2191
2,train,2192
2,train,2193
2,train,2194
2,train,2195
2,train,2196
2,train,2197
2,train,2198
2,train,2199
2,train,2200
2,train,2201
2,train,2202
2,train,2203
2,train,2204
2,train,2205
2,train,2206
2,train,2207
2,train,2208
2,train,2209
2,train,2211
2,train,2212
2,train,2214
2,train,2215
2,train,2216
2,train,2217
2,train,2218
2,train,2219
2,train,2220
2,train,2223
2,train,2224
2,train,2226
2,train,2227
2,train,2229
2,train,2231
2,train,2232
2,train,2233
2,train,2234
2,train,2235
2,train,2237
2,train,2238
2,train,2239
2,train,2240
2,train,2241
2,train,2243
2,train,2246
2,train,2248
2,train,2249
2,train,2251
2,train,2253
2,train,2255
2,train,2256
2,train,2257
2,train,2258
2,train,2260
2,train,2261
2,train,2262
2,train,2263
2,train,2264
2,train,2265
2,train,2266
2,train,2267
2,train,2269
2,train,2270
2,train,2271
2,train,2272
2,train,2273
2,train,2274
2,train,2275
2,train,2276
2,train,2277
2,train,2278
2,train,2280
2,train,2282
2,train,2284
2,train,2285
2,train,2286
2,train,2287
2,train,2288
2,train,2289
2,train,2290
2,train,2291
2,train,2294
2,train,2296
2,train,2297
2,train,2299
2,train,2300
2,train,2301
2,train,2302
2,train,2303
2,train,2304
2,train,2305
2,train,2306
2,train,2308
2,train,2309
2,train,2310
2,train,2311
2,train,2312
2,train,2314
2,train,2315
2,train,2317
2,train,2320
2,train,2321
2,train,2322
2,train,2323
2,train,2324
2,train,2325
2,train,2326
2,train,2327
2,train,2329
2,train,2331
2,train,2332
2,train,2333
2,train,2334
2,train,2335
2,train,2336
2,train,2340
2,train,2341
2,train,2342
2,train,2343
2,train,2345
2,train,2348
2,train,2349
2,train,2350
2,train,2352
2,train,2353
2,train,2354
2,train,2356
2,train,2357
2,train,2358
2,train,2360
2,train,2361
2,train,2362
2,train,2363
2,train,2364
2,train,2365
2,train,2367
2,train,2368
2,train,2369
2,train,2370
2,train,2371
2,train,2373
2,train,2374
2,train,2375
2,train,2376
2,train,2377
2,train,2381
2,train,2382
2,train,2383
2,train,2385
2,train,2386
2,train,2387
2,train,2388
2,train,2391
2,train,2392
2,train,2393
2,train,2394
2,train,2395
2,train,2396
2,train,2397
2,train,2399
2,train,2400
2,train,2401
2,train,2403
2,train,2405
2,train,2407
2,train,2409
2,train,2410
2,train,2411
2,train,2412
2,train,2413
2,train,2416
2,train,2417
2,train,2418
2,train,2419
2,train,2421
2,train,2423
2,train,2424
2,train,2425
2,train,2426
2,train,2427
2,train,2428
2,train,2429
2,train,2430
2,train,2431
2,train,2433
2,train,2434
2,train,2435
2,train,2437
2,train,2438
2,train,2442
2,train,2443
2,train,2444
2,train,2445
2,train,2446
2,train,2448
2,train,2449
2,train,2450
2,train,2451
2,train,2452
2,train,2454
2,train,2455
2,train,2456
2,train,2457
2,train,2460
2,train,2461
2,train,2464
2,train,2465
2,train,2466
2,train,2467
2,train,2468
2,train,2469
2,train,2470
2,train,2471
2,train,2472
2,train,2474
2,train,2475
2,train,2476
2,train,2477
2,train,2479
2,train,2482
2,train,2485
2,train,2486
2,train,2488
2,train,2489
2,train,2490
2,train,2491
2,train,2492
2,train,2493
2,train,2494
2,train,2496
2,train,2497
2,train,2499
2,train,2502
2,train,2504
2,train,2505
2,train,2506
2,train,2507
2,train,2508
2,train,2511
2,train,2512
2,train,2513
2,train,2514
2,train,2515
2,train,2516
2,train,2517
2,train,2519
2,train,2521
2,train,2522
2,train,2523
2,train,2524
2,train,2525
2,train,2527
2,train,2530
2,train,2531
2,train,2532
2,train,2534
2,train,2535
2,train,2536
2,train,2537
2,train,2538
2,train,2539
2,train,2540
2,train,2541
2,train,2542
2,train,2543
2,train,2544
2,train,2545
2,train,2546
2,train,2547
2,train,2548
2,train,2549
2,train,2550
2,train,2551
2,train,2552
2,train,2553
2,train,2554
2,train,2556
2,train,2557
2,train,2558
2,train,2559
2,train,2560
2,train,2561
2,train,2563
2,train,2564
2,train,2565
2,train,2567
2,train,2568
2,train,2569
2,train,2571
2,train,2572
2,train,2573
2,train,2576
2,train,2577
2,train,2578
2,train,2579
2,train,2581
2,train,2582
2,train,2583
2,train,2585
2,train,2586
2,train,2587
2,train,2588
2,train,2589
2,train,2590
2,train,2591
2,train,2593
2,train,2594
2,train,2595
2,train,2596
2,train,2597
2,train,2598
2,train,2599
2,train,2600
2,train,2601
2,train,2602
2,train,2604
2,train,2607
2,train,2608
2,train,2609
2,train,2610
2,train,2611
2,train,2612
2,train,2613
2,train,2614
2,train,2616
2,train,2617
2,train,2618
2,train,2619
2,train,2620
2,train,2621
2,train,2622
2,train,2623
2,train,2624
2,train,2625
2,train,2626
2,train,2627
2,train,2630
2,train,2631
2,train,2632
2,train,2634
2,train,2635
2,train,2637
2,train,2638
2,train,2639
2,train,2640
2,train,2641
2,train,2642
2,train,2644
2,train,2645
2,train,2646
2,train,2647
2,train,2649
2,train,2650
2,train,2651
2,train,2652
2,train,2653
2,train,2654
2,train,2655
2,train,2656
2,train,2657
2,train,2658
2,train,2660
2,train,2662
2,train,2663
2,train,2664
2,train,2666
2,train,2667
2,train,2669
2,train,2670
2,train,2671
2,train,2672
2,train,2674
2,train,2675
2,train,2676
2,train,2677
2,train,2678
2,train,2679
2,train,2681
2,train,2682
2,train,2684
2,train,2685
2,train,2687
2,train,2688
2,train,2689
2,train,2690
2,train,2691
2,train,2692
2,train,2693
2,train,2695
2,train,2696
2,train,2697
2,train,2698
2,train,2700
2,train,2701
2,train,2703
2,train,2704
2,train,2705
2,train,2706
2,train,2707
2,train,2708
2,train,2709
2,train,2710
2,train,2711
2,train,2712
2,train,2713
2,train,2714
2,train,2715
2,train,2716
2,train,2717
2,train,2718
2,train,2719
2,train,2720
2,train,2722
2,train,2723
2,train,2724
2,train,2725
2,train,2727
2,train,2729
2,train,2730
2,train,2731
2,train,2733
2,train,2734
2,train,2735
2,train,2736
2,train,2737
2,train,2738
2,train,2739
2,train,2740
2,train,2742
2,train,2743
2,train,2744
2,train,2745
2,train,2746
2,train,2747
2,train,2748
2,train,2749
2,train,2750
2,train,2751
2,train,2753
2,train,2754
2,train,2755
2,train,2756
2,train,2758
2,train,2759
2,train,2760
2,train,2761
2,train,2762
2,train,2763
2,train,2764
2,train,2766
2,train,2768
2,train,2769
2,train,2770
2,train,2772
2,train,2773
2,train,2774
2,train,2775
2,train,2776
2,train,2777
2,train,2778
2,train,2779
2,train,2781
2,train,2782
2,train,2783
2,train,2784
2,train,2785
2,train,2786
2,train,2787
2,train,2788
2,train,2789
2,train,2790
2,train,2791
2,train,2792
2,train,2793
2,train,2795
2,train,2796
2,train,2797
2,train,2799
2,train,2800
2,train,2802
2,train,2803
2,train,2806
2,train,2807
2,train,2808
2,train,2809
2,train,2811
2,train,2813
2,train,2814
2,train,2816
2,train,2817
2,train,2818
2,train,2819
2,train,2820
2,train,2821
2,train,2822
2,train,2823
2,train,2824
2,train,2825
2,train,2826
2,train,2828
2,train,2829
2,train,2831
2,train,2832
2,train,2833
2,train,2834
2,train,2836
2,train,2837
2,train,2838
2,train,2839
2,train,2841
2,train,2842
2,train,2843
2,train,2844
2,train,2845
2,train,2847
2,train,2849
2,train,2850
2,train,2851
2,train,2852
2,train,2853
2,train,2854
2,train,2855
2,train,2856
2,train,2857
2,train,2858
2,train,2859
2,train,2861
2,train,2862
2,train,2864
2,train,2865
2,train,2866
2,train,2867
2,train,2868
2,train,2869
2,train,2870
2,train,2871
2,train,2872
2,train,2873
2,train,2874
2,train,2876
2,train,2877
2,train,2878
2,train,2879
2,train,2880
2,train,2881
2,train,2882
2,train,2883
2,train,2885
2,train,2886
2,train,2887
2,train,2888
2,train,2890
2,train,2891
2,train,2892
2,train,2893
2,train,2894
2,train,2895
2,train,2896
2,train,2898
2,train,2899
2,train,2900
2,train,2901
2,train,2902
2,train,2903
2,train,2904
2,train,2905
2,train,2906
2,train,2908
2,train,2909
2,train,2910
2,train,2911
2,train,2912
2,train,2913
2,train,2914
2,train,2915
2,train,2916
2,train,2919
2,train,2921
2,train,2923
2,train,2924
2,train,2925
2,train,2926
2,train,2927
2,train,2928
2,train,2930
2,train,2931
2,train,2932
2,train,2933
2,train,2935
2,train,2936
2,train,2937
2,train,2938
2,train,2939
2,train,2940
2,train,2941
2,train,2942
2,train,2943
2,train,2944
2,train,2945
2,train,2946
2,train,2947
2,train,2948
2,train,2949
2,train,2950
2,train,2951
2,train,2952
2,train,2953
2,train,2954
2,train,2955
2,train,2956
2,train,2958
2,train,2959
2,train,2960
2,train,2961
2,train,2963
2,train,2964
2,train,2965
2,train,2966
2,train,2967
2,train,2969
2,train,2971
2,train,2972
2,train,2973
2,train,2975
2,train,2976
2,train,2977
2,train,2978
2,train,2979
2,train,2980
2,train,2981
2,train,2982
2,train,2984
2,train,2985
2,train,2986
2,train,2987
2,train,2988
2,train,2989
2,train,2990
2,train,2991
2,train,2992
2,train,2993
2,train,2994
2,train,2995
2,train,2996
2,train,2997
2,train,2999
2,train,3000
2,train,3001
2,train,3003
2,train,3005
2,train,3006
2,train,3007
2,train,3008
2,train,3009
2,train,3010
2,train,3011
2,train,3014
2,train,3015
2,train,3016
2,train,3017
2,train,3018
2,train,3019
2,train,3020
2,train,3022
2,train,3023
2,train,3024
2,train,3026
2,train,3027
2,train,3028
2,train,3029
2,train,3030
2,train,3031
2,train,3032
2,train,3033
2,train,3034
2,train,3035
2,train,3037
2,train,3038
2,train,3040
2,train,3041
2,train,3043
2,train,3044
2,train,3046
2,train,3047
2,train,3048
2,train,3049
2,train,3051
2,train,3053
2,train,3054
2,train,3055
2,train,3056
2,train,3057
2,train,3059
2,train,3060
2,train,3062
2,train,3063
2,train,3064
2,train,3066
2,train,3067
2,train,3068
2,train,3069
2,train,3071
2,train,3072
2,train,3073
2,train,3078
2,train,3079
2,train,3080
2,train,3082
2,train,3084
2,train,3085
2,train,3086
2,train,3087
2,train,3088
2,train,3089
2,train,3090
2,train,3092
2,train,3094
2,train,3095
2,train,3096
2,train,3097
2,train,3098
2,train,3099
2,train,3100
2,train,3101
2,train,3102
2,train,3103
2,train,3104
2,train,3105
2,train,3106
2,train,3107
2,train,3108
2,train,3109
2,train,3110
2,train,3112
2,train,3114
2,train,3116
2,train,3117
2,train,3118
2,train,3120
2,train,3122
2,train,3123
2,train,3124
2,train,3126
2,train,3129
2,train,3130
2,train,3131
2,train,3132
2,train,3136
2,train,3138
2,train,3139
2,train,3140
2,train,3141
2,train,3142
2,train,3143
2,train,3144
2,train,3145
2,train,3146
2,train,3147
2,train,3148
2,train,3149
2,train,3150
2,train,3151
2,train,3152
2,train,3153
2,train,3156
2,train,3157
2,train,3159
2,train,3160
2,train,3161
2,train,3162
2,train,3163
2,train,3165
2,train,3168
2,train,3169
2,train,3170
2,train,3171
2,train,3172
2,train,3173
2,train,3174
2,train,3175
2,train,3177
2,train,3178
2,train,3180
2,train,3181
2,train,3183
2,train,3184
2,train,3186
2,train,3187
2,train,3188
2,train,3189
2,train,3190
2,train,3191
2,train,3192
2,train,3193
2,train,3194
2,train,3195
2,train,3197
2,train,3198
2,train,3199
2,train,3200
2,train,3202
2,train,3204
2,train,3205
2,train,3206
2,train,3207
2,train,3211
2,train,3213
2,train,3214
2,train,3216
2,train,3217
2,train,3218
2,train,3219
2,train,3222
2,train,3223
2,train,3224
2,train,3226
2,train,3227
2,train,3228
2,train,3229
2,train,3230
2,train,3231
2,train,3232
2,train,3233
2,train,3234
2,train,3235
2,train,3236
2,train,3238
2,train,3239
2,train,3240
2,train,3241
2,train,3242
2,train,3243
2,train,3244
2,train,3245
2,train,3247
2,train,3248
2,train,3249
2,train,3250
2,train,3251
2,train,3253
2,train,3254
2,train,3255
2,train,3257
2,train,3258
2,train,3259
2,train,3261
2,train,3263
2,train,3264
2,train,3265
2,train,3266
2,train,3267
2,train,3269
2,train,3270
2,train,3271
2,train,3272
2,train,3273
2,train,3275
2,train,3278
2,train,3280
2,train,3281
2,train,3282
2,train,3283
2,train,3284
2,train,3286
2,train,3287
2,train,3288
2,train,3291
2,train,3292
2,train,3293
2,train,3294
2,train,3295
2,train,3296
2,train,3297
2,train,3298
2,train,3299
2,train,3300
2,train,3301
2,train,3302
2,train,3303
2,train,3304
2,train,3305
2,train,3306
2,train,3307
2,train,3308
2,train,3310
2,train,3311
2,train,3312
2,train,3313
2,train,3314
2,train,3316
2,train,3317
2,train,3318
2,train,3319
2,train,3320
2,train,3321
2,train,3322
2,train,3323
2,train,3324
2,train,3325
2,train,3326
2,train,3327
2,train,3328
2,train,3330
2,train,3331
2,train,3333
2,train,3335
2,train,3338
2,train,3340
2,train,3342
2,train,3343
2,train,3344
2,train,3345
2,train,3346
2,train,3347
2,train,3348
2,train,3349
2,train,3350
2,train,3351
2,train,3353
2,train,3354
2,train,3356
2,train,3357
2,train,3358
2,train,3359
2,train,3361
2,train,3362
2,train,3363
2,train,3365
2,train,3366
2,train,3368
2,train,3369
2,train,3370
2,train,3371
2,train,3372
2,train,3373
2,train,3374
2,train,3375
2,train,3376
2,train,3377
2,train,3378
2,train,3380
2,train,3383
2,train,3384
2,train,3385
2,train,3386
2,train,3387
2,train,3388
2,train,3389
2,train,3390
2,train,3391
2,train,3392
2,train,3393
2,train,3394
2,train,3396
2,train,3397
2,train,3398
2,train,3400
2,train,3401
2,train,3403
2,train,3405
2,train,3406
2,train,3407
2,train,3410
2,train,3413
2,train,3414
2,train,3415
2,train,3416
2,train,3418
2,train,3419
2,train,3420
2,train,3421
2,train,3423
2,train,3424
2,train,3425
2,train,3426
2,train,3427
2,train,3429
2,train,3430
2,train,3433
2,train,3434
2,train,3435
2,train,3436
2,train,3437
2,train,3438
2,train,3439
2,train,3440
2,train,3442
2,train,3443
2,train,3444
2,train,3445
2,train,3446
2,train,3447
2,train,3448
2,train,3449
2,train,3450
2,train,3455
2,train,3456
2,train,3457
2,train,3458
2,train,3459
2,train,3460
2,train,3461
2,train,3462
2,train,3463
2,train,3465
2,train,3468
2,train,3469
2,train,3471
2,train,3472
2,train,3473
2,train,3474
2,train,3475
2,train,3477
2,train,3478
2,train,3479
2,train,3480
2,train,3483
2,train,3485
2,train,3486
2,train,3487
2,train,3488
2,train,3489
2,train,3490
2,train,3491
2,train,3492
2,train,3493
2,train,3494
2,train,3495
2,train,3496
2,train,3497
2,train,3498
2,train,3500
2,train,3502
2,train,3503
2,train,3504
2,train,3505
2,train,3506
2,train,3507
2,train,3508
2,train,3509
2,train,3510
2,train,3511
2,train,3512
2,train,3513
2,train,3514
2,train,3515
2,train,3516
2,train,3517
2,train,3518
2,train,3519
2,train,3520
2,train,3522
2,train,3523
2,train,3524
2,train,3525
2,train,3526
2,train,3527
2,train,3528
2,train,3529
2,train,3530
2,train,3533
2,train,3534
2,train,3535
2,train,3537
2,train,3538
2,train,3542
2,train,3543
2,train,3544
2,train,3545
2,train,3546
2,train,3547
2,train,3548
2,train,3549
2,train,3550
2,train,3551
2,train,3552
2,train,3554
2,train,3555
2,train,3556
2,train,3557
2,train,3558
2,train,3560
2,train,3561
2,train,3562
2,train,3563
2,train,3564
2,train,3565
2,train,3566
2,train,3567
2,train,3568
2,train,3569
2,train,3570
2,train,3571
2,train,3572
2,train,3573
2,train,3574
2,train,3575
2,train,3577
2,train,3578
2,train,3579
2,train,3580
2,train,3581
2,train,3582
2,train,3583
2,train,3584
2,train,3585
2,train,3586
2,train,3587
2,train,3588
2,train,3593
2,train,3594
2,train,3595
2,train,3598
2,train,3599
2,train,3600
2,train,3601
2,train,3602
2,train,3603
2,train,3604
2,train,3605
2,train,3607
2,train,3608
2,train,3609
2,train,3610
2,train,3612
2,train,3613
2,train,3614
2,train,3615
2,train,3618
2,train,3619
2,train,3621
2,train,3622
2,train,3623
2,train,3624
2,train,3626
2,train,3627
2,train,3628
2,train,3629
2,train,3630
2,train,3632
2,train,3634
2,train,3635
2,train,3636
2,train,3637
2,train,3638
2,train,3639
2,train,3640
2,train,3641
2,train,3643
2,train,3645
2,train,3646
2,train,3647
2,train,3648
2,train,3649
2,train,3650
2,train,3651
2,train,3652
2,train,3653
2,train,3658
2,train,3661
2,train,3662
2,train,3663
2,train,3664
2,train,3665
2,train,3667
2,train,3668
2,train,3669
2,train,3671
2,train,3672
2,train,3673
2,train,3674
2,train,3675
2,train,3676
2,train,3677
2,train,3678
2,train,3679
2,train,3680
2,train,3681
2,train,3684
2,train,3685
2,train,3687
2,train,3688
2,train,3689
2,train,3690
2,train,3691
2,train,3692
2,train,3693
2,train,3694
2,train,3696
2,train,3697
2,train,3699
2,train,3701
2,train,3702
2,train,3703
2,train,3704
2,train,3705
2,train,3706
2,train,3708
2,train,3709
2,train,3710
2,train,3712
2,train,3713
2,train,3714
2,train,3715
2,train,3717
2,train,3718
2,train,3719
2,train,3720
2,train,3721
2,train,3722
2,train,3723
2,train,3724
2,train,3726
2,train,3727
2,train,3728
2,train,3729
2,train,3730
2,train,3731
2,train,3733
2,train,3734
2,train,3735
2,train,3736
2,train,3737
2,train,3738
2,train,3741
2,train,3742
2,train,3743
2,train,3745
2,train,3746
2,train,3748
2,train,3749
2,train,3750
2,train,3751
2,train,3753
2,train,3754
2,train,3755
2,train,3756
2,train,3757
2,train,3758
2,train,3759
2,train,3760
2,train,3761
2,train,3762
2,train,3763
2,train,3764
2,train,3765
2,train,3766
2,train,3767
2,train,3768
2,train,3769
2,train,3772
2,train,3773
2,train,3774
2,train,3775
2,train,3776
2,train,3777
2,train,3778
2,train,3779
2,train,3781
2,train,3782
2,train,3784
2,train,3785
2,train,3787
2,train,3788
2,train,3789
2,train,3790
2,train,3791
2,train,3792
2,train,3793
2,train,3794
2,train,3795
2,train,3796
2,train,3797
2,train,3798
2,train,3799
2,train,3800
2,train,3801
2,train,3802
2,train,3803
2,train,3804
2,train,3805
2,train,3806
2,train,3807
2,train,3809
2,train,3811
2,train,3812
2,train,3813
2,train,3815
2,train,3816
2,train,3819
2,train,3820
2,train,3821
2,train,3822
2,train,3823
2,train,3824
2,train,3825
2,train,3826
2,train,3827
2,train,3828
2,train,3829
2,train,3830
2,train,3831
2,train,3832
2,train,3833
2,train,3836
2,train,3838
2,train,3839
2,train,3840
2,train,3842
2,train,3843
2,train,3844
2,train,3845
2,train,3846
2,train,3847
2,train,3848
2,train,3849
2,train,3850
2,train,3851
2,train,3852
2,train,3854
2,train,3855
2,train,3856
2,train,3857
2,train,3858
2,train,3859
2,train,3862
2,train,3863
2,train,3864
2,train,3865
2,train,3866
2,train,3867
2,train,3868
2,train,3869
2,train,3870
2,train,3871
2,train,3872
2,train,3873
2,train,3874
2,train,3875
2,train,3876
2,train,3877
2,train,3880
2,train,3881
2,train,3882
2,train,3883
2,train,3884
2,train,3886
2,train,3887
2,train,3888
2,train,3890
2,train,3891
2,train,3892
2,train,3893
2,train,3894
2,train,3895
2,train,3896
2,train,3897
2,train,3898
2,train,3899
2,train,3900
2,train,3901
2,train,3902
2,train,3903
2,train,3904
2,train,3906
2,train,3907
2,train,3908
2,train,3909
2,train,3910
2,train,3911
2,train,3913
2,train,3914
2,train,3916
2,train,3917
2,train,3918
2,train,3920
2,train,3921
2,train,3923
2,train,3924
2,train,3925
2,train,3926
2,train,3929
2,train,3930
2,train,3931
2,train,3933
2,train,3934
2,train,3935
2,train,3936
2,train,3937
2,train,3938
2,train,3939
2,train,3941
2,train,3942
2,train,3943
2,train,3944
2,train,3946
2,train,3948
2,train,3949
2,train,3950
2,train,3951
2,train,3952
2,train,3954
2,train,3956
2,train,3957
2,train,3958
2,train,3959
2,train,3960
2,train,3961
2,train,3963
2,train,3964
2,train,3966
2,train,3968
2,train,3969
2,train,3970
2,train,3971
2,train,3972
2,train,3973
2,train,3974
2,train,3975
2,train,3976
2,train,3977
2,train,3979
2,train,3980
2,train,3981
2,train,3983
2,train,3984
2,train,3985
2,train,3986
2,train,3987
2,train,3988
2,train,3990
2,train,3991
2,train,3992
2,train,3993
2,train,3994
2,train,3995
2,train,3996
2,train,3997
2,train,3998
2,train,4000
2,train,4001
2,train,4002
2,train,4003
2,train,4004
2,train,4005
2,train,4006
2,train,4007
2,train,4008
2,train,4009
2,train,4010
2,train,4011
2,train,4012
2,train,4013
2,train,4014
2,train,4016
2,train,4017
2,train,4018
2,train,4019
2,train,4021
2,train,4022
2,train,4023
2,train,4024
2,train,4025
2,train,4026
2,train,4028
2,train,4029
2,train,4030
2,train,4031
2,train,4033
2,train,4034
2,train,4035
2,train,4036
2,train,4038
2,train,4041
2,train,4042
2,train,4043
2,train,4044
2,train,4045
2,train,4046
2,train,4047
2,train,4048
2,train,4049
2,train,4050
2,train,4051
2,train,4052
2,train,4053
2,train,4054
2,train,4055
2,train,4056
2,train,4057
2,train,4058
2,train,4061
2,train,4062
2,train,4063
2,train,4064
2,train,4066
2,train,4067
2,train,4069
2,train,4070
2,train,4071
2,train,4072
2,train,4073
2,train,4074
2,train,4075
2,train,4076
2,train,4077
2,train,4078
2,train,4079
2,train,4080
2,train,4081
2,train,4082
2,train,4083
2,train,4084
2,train,4086
2,train,4088
2,train,4089
2,train,4090
2,train,4092
2,train,4093
2,train,4094
2,train,4095
2,train,4096
2,train,4097
2,train,4098
2,train,4099
2,train,4100
2,train,4101
2,train,4102
2,train,4103
2,train,4105
2,train,4106
2,train,4107
2,train,4108
2,train,4109
2,train,4110
2,train,4111
2,train,4112
2,train,4113
2,train,4114
2,train,4115
2,train,4116
2,train,4117
2,train,4118
2,train,4119
2,train,4120
2,train,4121
2,train,4122
2,train,4123
2,train,4124
2,train,4125
2,train,4126
2,train,4127
2,train,4128
2,train,4130
2,train,4131
2,train,4132
2,train,4133
2,train,4134
2,train,4135
2,train,4136
2,train,4137
2,train,4138
2,train,4139
2,train,4140
2,train,4142
2,train,4143
2,train,4144
2,train,4145
2,train,4146
2,train,4148
2,train,4149
2,train,4150
2,train,4152
2,train,4153
2,train,4154
2,train,4155
2,train,4157
2,train,4158
2,train,4159
2,train,4160
2,train,4161
2,train,4162
2,train,4163
2,train,4164
2,train,4165
2,train,4167
2,train,4168
2,train,4169
2,train,4170
2,train,4171
2,train,4172
2,train,4173
2,train,4174
2,train,4175
2,train,4176
2,train,4178
2,train,4179
2,train,4180
2,train,4181
2,train,4182
2,train,4183
2,train,4184
2,train,4185
2,train,4186
2,train,4187
2,train,4188
2,train,4190
2,train,4191
2,train,4192
2,train,4193
2,train,4194
2,train,4195
2,train,4196
2,train,4197
2,train,4198
2,train,4199
2,train,4202
2,train,4204
2,train,4205
2,train,4206
2,train,4207
2,train,4208
2,train,4209
2,train,4210
2,train,4211
2,train,4212
2,train,4213
2,train,4214
2,train,4215
2,train,4216
2,train,4217
2,train,4218
2,train,4220
2,train,4222
2,train,4224
2,train,4225
2,train,4226
2,train,4227
2,train,4228
2,train,4229
2,train,4230
2,train,4231
2,train,4233
2,train,4234
2,train,4235
2,train,4236
2,train,4237
2,train,4238
2,train,4239
2,train,4240
2,train,4241
2,train,4242
2,train,4243
2,train,4244
2,train,4246
2,train,4247
2,train,4248
2,train,4249
2,train,4250
2,train,4251
2,train,4254
2,train,4255
2,train,4256
2,train,4257
2,train,4258
2,train,4259
2,train,4261
2,train,4262
2,train,4263
2,train,4264
2,train,4265
2,train,4266
2,train,4267
2,train,4268
2,train,4269
2,train,4272
2,train,4276
2,train,4277
2,train,4278
2,train,4279
2,train,4280
2,train,4281
2,train,4283
2,train,4285
2,train,4286
2,train,4288
2,train,4289
2,train,4290
2,train,4291
2,train,4292
2,train,4293
2,train,4294
2,train,4297
2,train,4298
2,train,4299
2,train,4300
2,train,4302
2,train,4303
2,train,4304
2,train,4305
2,train,4306
2,train,4308
2,train,4309
2,train,4310
2,train,4311
2,train,4313
2,train,4314
2,train,4315
2,train,4317
2,train,4318
2,train,4319
2,train,4322
2,train,4323
2,train,4325
2,train,4326
2,train,4327
2,train,4329
2,train,4330
2,train,4331
2,train,4332
2,train,4333
2,train,4334
2,train,4335
2,train,4337
2,train,4338
2,train,4339
2,train,4340
2,train,4341
2,train,4342
2,train,4343
2,train,4344
2,train,4347
2,train,4348
2,train,4351
2,train,4352
2,train,4353
2,train,4354
2,train,4356
2,train,4357
2,train,4359
2,train,4362
2,train,4363
2,train,4364
2,train,4366
2,train,4368
2,train,4369
2,train,4370
2,train,4371
2,train,4372
2,train,4373
2,train,4374
2,train,4377
2,train,4379
2,train,4380
2,train,4381
2,train,4382
2,train,4383
2,train,4384
2,train,4386
2,train,4387
2,train,4388
2,train,4390
2,train,4391
2,train,4393
2,train,4394
2,train,4396
2,train,4397
2,train,4398
2,train,4399
2,train,4400
2,train,4401
2,train,4402
2,train,4403
2,train,4404
2,train,4405
2,train,4407
2,train,4408
2,train,4410
2,train,4412
2,train,4413
2,train,4414
2,train,4415
2,train,4416
2,train,4417
2,train,4418
2,train,4419
2,test,0
2,test,6
2,test,7
2,test,12
2,test,25
2,test,26
2,test,31
2,test,44
2,test,48
2,test,56
2,test,58
2,test,59
2,test,63
2,test,65
2,test,67
2,test,76
2,test,88
2,test,102
2,test,103
2,test,108
2,test,113
2,test,122
2,test,124
2,test,141
2,test,155
2,test,162
2,test,173
2,test,176
2,test,178
2,test,183
2,test,187
2,test,194
2,test,195
2,test,198
2,test,203
2,test,208
2,test,209
2,test,210
2,test,214
2,test,218
2,test,219
2,test,221
2,test,222
2,test,226
2,test,245
2,test,246
2,test,247
2,test,256
2,test,257
2,test,258
2,test,259
2,test,263
2,test,266
2,test,268
2,test,278
2,test,283
2,test,286
2,test,288
2,test,289
2,test,291
2,test,295
2,test,299
2,test,313
2,test,321
2,test,322
2,test,324
2,test,331
2,test,342
2,test,343
2,test,346
2,test,354
2,test,358
2,test,368
2,test,370
2,test,378
2,test,381
2,test,382
2,test,383
2,test,386
2,test,397
2,test,411
2,test,418
2,test,422
2,test,423
2,test,430
2,test,439
2,test,442
2,test,449
2,test,450
2,test,479
2,test,485
2,test,491
2,test,500
2,test,507
2,test,508
2,test,527
2,test,528
2,test,532
2,test,534
2,test,535
2,test,543
2,test,546
2,test,547
2,test,549
2,test,554
2,test,557
2,test,565
2,test,570
2,test,572
2,test,573
2,test,578
2,test,581
2,test,582
2,test,586
2,test,601
2,test,604
2,test,610
2,test,611
2,test,612
2,test,613
2,test,617
2,test,627
2,test,631
2,test,637
2,test,639
2,test,640
2,test,644
2,test,647
2,test,648
2,test,654
2,test,655
2,test,658
2,test,665
2,test,669
2,test,678
2,test,679
2,test,680
2,test,682
2,test,690
2,test,697
2,test,700
2,test,712
2,test,727
2,test,729
2,test,733
2,test,736
2,test,742
2,test,748
2,test,752
2,test,756
2,test,761
2,test,765
2,test,773
2,test,781
2,test,785
2,test,805
2,test,809
2,test,816
2,test,818
2,test,836
2,test,839
2,test,840
2,test,841
2,test,847
2,test,864
2,test,865
2,test,866
2,test,867
2,test,874
2,test,883
2,test,898
2,test,905
2,test,908
2,test,910
2,test,915
2,test,921
2,test,923
2,test,925
2,test,926
2,test,927
2,test,929
2,test,930
2,test,932
2,test,937
2,test,940
2,test,941
2,test,948
2,test,952
2,test,958
2,test,965
2,test,976
2,test,979
2,test,981
2,test,985
2,test,997
2,test,1003
2,test,1006
2,test,1011
2,test,1017
2,test,1022
2,test,1023
2,test,1037
2,test,1047
2,test,1061
2,test,1064
2,test,1070
2,test,1071
2,test,1073
2,test,1078
2,test,1080
2,test,1088
2,test,1091
2,test,1095
2,test,1096
2,test,1097
2,test,1099
2,test,1104
2,test,1105
2,test,1106
2,test,1108
2,test,1110
2,test,1114
2,test,1116
2,test,1117
2,test,1119
2,test,1124
2,test,1130
2,test,1132
2,test,1135
2,test,1138
2,test,1152
2,test,1159
2,test,1164
2,test,1171
2,test,1173
2,test,1176
2,test,1178
2,test,1183
2,test,1185
2,test,1187
2,test,1188
2,test,1200
2,test,1204
2,test,1211
2,test,1213
2,test,1216
2,test,1221
2,test,1226
2,test,1233
2,test,1237
2,test,1244
2,test,1263
2,test,1264
2,test,1268
2,test,1270
2,test,1278
2,test,1281
2,test,1283
2,test,1288
2,test,1292
2,test,1293
2,test,1298
2,test,1302
2,test,1313
2,test,1320
2,test,1321
2,test,1322
2,test,1323
2,test,1326
2,test,1334
2,test,1336
2,test,1337
2,test,1344
2,test,1345
2,test,1356
2,test,1366
2,test,1373
2,test,1377
2,test,1391
2,test,1393
2,test,1395
2,test,1398
2,test,1400
2,test,1404
2,test,1412
2,test,1419
2,test,1422
2,test,1427
2,test,1431
2,test,1432
2,test,1450
2,test,1454
2,test,1457
2,test,1461
2,test,1468
2,test,1476
2,test,1480
2,test,1488
2,test,1490
2,test,1491
2,test,1497
2,test,1501
2,test,1504
2,test,1510
2,test,1513
2,test,1517
2,test,1522
2,test,1533
2,test,1534
2,test,1536
2,test,1538
2,test,1550
2,test,1552
2,test,1556
2,test,1563
2,test,1564
2,test,1565
2,test,1566
2,test,1569
2,test,1578
2,test,1582
2,test,1586
2,test,1588
2,test,1590
2,test,1592
2,test,1595
2,test,1609
2,test,1610
2,test,1611
2,test,1612
2,test,1614
2,test,1615
2,test,1616
2,test,1623
2,test,1627
2,test,1641
2,test,1642
2,test,1647
2,test,1650
2,test,1651
2,test,1652
2,test,1657
2,test,1665
2,test,1666
2,test,1672
2,test,1675
2,test,1684
2,test,1694
2,test,1697
2,test,1702
2,test,1703
2,test,1705
2,test,1714
2,test,1720
2,test,1727
2,test,1729
2,test,1730
2,test,1732
2,test,1743
2,test,1745
2,test,1746
2,test,1751
2,test,1758
2,test,1760
2,test,1765
2,test,1767
2,test,1769
2,test,1778
2,test,1786
2,test,1788
2,test,1793
2,test,1807
2,test,1808
2,test,1813
2,test,1814
2,test,1815
2,test,1818
2,test,1831
2,test,1835
2,test,1837
2,test,1844
2,test,1846
2,test,1860
2,test,1861
2,test,1862
2,test,1864
2,test,1869
2,test,1872
2,test,1873
2,test,1874
2,test,1876
2,test,1877
2,test,1886
2,test,1897
2,test,1902
2,test,1904
2,test,1912
2,test,1919
2,test,1921
2,test,1926
2,test,1929
2,test,1938
2,test,1941
2,test,1945
2,test,1952
2,test,1957
2,test,1961
2,test,1965
2,test,1966
2,test,1967
2,test,1974
2,test,2004
2,test,2005
2,test,2011
2,test,2015
2,test,2016
2,test,2025
2,test,2029
2,test,2042
2,test,2059
2,test,2067
2,test,2073
2,test,2077
2,test,2091
2,test,2098
2,test,2103
2,test,2112
2,test,2117
2,test,2123
2,test,2127
2,test,2130
2,test,2135
2,test,2148
2,test,2153
2,test,2154
2,test,2159
2,test,2172
2,test,2174
2,test,2176
2,test,2179
2,test,2183
2,test,2210
2,test,2213
2,test,2221
2,test,2222
2,test,2225
2,test,2228
2,test,2230
2,test,2236
2,test,2242
2,test,2244
2,test,2245
2,test,2247
2,test,2250
2,test,2252
2,test,2254
2,test,2259
2,test,2268
2,test,2279
2,test,2281
2,test,2283
2,test,2292
2,test,2293
2,test,2295
2,test,2298
2,test,2307
2,test,2313
2,test,2316
2,test,2318
2,test,2319
2,test,2328
2,test,2330
2,test,2337
2,test,2338
2,test,2339
2,test,2344
2,test,2346
2,test,2347
2,test,2351
2,test,2355
2,test,2359
2,test,2366
2,test,2372
2,test,2378
2,test,2379
2,test,2380
2,test,2384
2,test,2389
2,test,2390
2,test,2398
2,test,2402
2,test,2404
2,test,2406
2,test,2408
2,test,2414
2,test,2415
2,test,2420
2,test,2422
2,test,2432
2,test,2436
2,test,2439
2,test,2440
2,test,2441
2,test,2447
2,test,2453
2,test,2458
2,test,2459
2,test,2462
2,test,2463
2,test,2473
2,test,2478
2,test,2480
2,test,2481
2,test,2483
2,test,2484
2,test,2487
2,test,2495
2,test,2498
2,test,2500
2,test,2501
2,test,2503
2,test,2509
2,test,2510
2,test,2518
2,test,2520
2,test,2526
2,test,2528
2,test,2529
2,test,2533
2,test,2555
2,test,2562
2,test,2566
2,test,2570
2,test,2574
2,test,2575
2,test,2580
2,test,2584
2,test,2592
2,test,2603
2,test,2605
2,test,2606
2,test,2615
2,test,2628
2,test,2629
2,test,2633
2,test,2636
2,test,2643
2,test,2648
2,test,2659
2,test,2661
2,test,2665
2,test,2668
2,test,2673
2,test,2680
2,test,2683
2,test,2686
2,test,2694
2,test,2699
2,test,2702
2,test,2721
2,test,2726
2,test,2728
2,test,2732
2,test,2741
2,test,2752
2,test,2757
2,test,2765
2,test,2767
2,test,2771
2,test,2780
2,test,2794
2,test,2798
2,test,2801
2,test,2804
2,test,2805
2,test,2810
2,test,2812
2,test,2815
2,test,2827
2,test,2830
2,test,2835
2,test,2840
2,test,2846
2,test,2848
2,test,2860
2,test,2863
2,test,2875
2,test,2884
2,test,2889
2,test,2897
2,test,2907
2,test,2917
2,test,2918
2,test,2920
2,test,2922
2,test,2929
2,test,2934
2,test,2957
2,test,2962
2,test,2968
2,test,2970
2,test,2974
2,test,2983
2,test,2998
2,test,3002
2,test,3004
2,test,3012
2,test,3013
2,test,3021
2,test,3025
2,test,3036
2,test,3039
2,test,3042
2,test,3045
2,test,3050
2,test,3052
2,test,3058
2,test,3061
2,test,3065
2,test,3070
2,test,3074
2,test,3075
2,test,3076
2,test,3077
2,test,3081
2,test,3083
2,test,3091
2,test,3093
2,test,3111
2,test,3113
2,test,3115
2,test,3119
2,test,3121
2,test,3125
2,test,3127
2,test,3128
2,test,3133
2,test,3134
2,test,3135
2,test,3137
2,test,3154
2,test,3155
2,test,3158
2,test,3164
2,test,3166
2,test,3167
2,test,3176
2,test,3179
2,test,3182
2,test,3185
2,test,3196
2,test,3201
2,test,3203
2,test,3208
2,test,3209
2,test,3210
2,test,3212
2,test,3215
2,test,3220
2,test,3221
2,test,3225
2,test,3237
2,test,3246
2,test,3252
2,test,3256
2,test,3260
2,test,3262
2,test,3268
2,test,3274
2,test,3276
2,test,3277
2,test,3279
2,test,3285
2,test,3289
2,test,3290
2,test,3309
2,test,3315
2,test,3329
2,test,3332
2,test,3334
2,test,3336
2,test,3337
2,test,3339
2,test,3341
2,test,3352
2,test,3355
2,test,3360
2,test,3364
2,test,3367
2,test,3379
2,test,3381
2,test,3382
2,test,3395
2,test,3399
2,test,3402
2,test,3404
2,test,3408
2,test,3409
2,test,3411
2,test,3412
2,test,3417
2,test,3422
2,test,3428
2,test,3431
2,test,3432
2,test,3441
2,test,3451
2,test,3452
2,test,3453
2,test,3454
2,test,3464
2,test,3466
2,test,3467
2,test,3470
2,test,3476
2,test,3481
2,test,3482
2,test,3484
2,test,3499
2,test,3501
2,test,3521
2,test,3531
2,test,3532
2,test,3536
2,test,3539
2,test,3540
2,test,3541
2,test,3553
2,test,3559
2,test,3576
2,test,3589
2,test,3590
2,test,3591
2,test,3592
2,test,3596
2,test,3597
2,test,3606
2,test,3611
2,test,3616
2,test,3617
2,test,3620
2,test,3625
2,test,3631
2,test,3633
2,test,3642
2,test,3644
2,test,3654
2,test,3655
2,test,3656
2,test,3657
2,test,3659
2,test,3660
2,test,3666
2,test,3670
2,test,3682
2,test,3683
2,test,3686
2,test,3695
2,test,3698
2,test,3700
2,test,3707
2,test,3711
2,test,3716
2,test,3725
2,test,3732
2,test,3739
2,test,3740
2,test,3744
2,test,3747
2,test,3752
2,test,3770
2,test,3771
2,test,3780
2,test,3783
2,test,3786
2,test,3808
2,test,3810
2,test,3814
2,test,3817
2,test,3818
2,test,3834
2,test,3835
2,test,3837
2,test,3841
2,test,3853
2,test,3860
2,test,3861
2,test,3878
2,test,3879
2,test,3885
2,test,3889
2,test,3905
2,test,3912
2,test,3915
2,test,3919
2,test,3922
2,test,3927
2,test,3928
2,test,3932
2,test,3940
2,test,3945
2,test,3947
2,test,3953
2,test,3955
2,test,3962
2,test,3965
2,test,3967
2,test,3978
2,test,3982
2,test,3989
2,test,3999
2,test,4015
2,test,4020
2,test,4027
2,test,4032
2,test,4037
2,test,4039
2,test,4040
2,test,4059
2,test,4060
2,test,4065
2,test,4068
2,test,4085
2,test,4087
2,test,4091
2,test,4104
2,test,4129
2,test,4141
2,test,4147
2,test,4151
2,test,4156
2,test,4166
2,test,4177
2,test,4189
2,test,4200
2,test,4201
2,test,4203
2,test,4219
2,test,4221
2,test,4223
2,test,4232
2,test,4245
2,test,4252
2,test,4253
2,test,4260
2,test,4270
2,test,4271
2,test,4273
2,test,4274
2,test,4275
2,test,4282
2,test,4284
2,test,4287
2,test,4295
2,test,4296
2,test,4301
2,test,4307
2,test,4312
2,test,4316
2,test,4320
2,test,4321
2,test,4324
2,test,4328
2,test,4336
2,test,4345
2,test,4346
2,test,4349
2,test,4350
2,test,4355
2,test,4358
2,test,4360
2,test,4361
2,test,4365
2,test,4367
2,test,4375
2,test,4376
2,test,4378
2,test,4385
2,test,4389
2,test,4392
2,test,4395
2,test,4406
2,test,4409
2,test,4411
3,train,0
3,train,2
3,train,3
3,train,4
3,train,5
3,train,6
3,train,7
3,train,8
3,train,9
3,train,10
3,train,11
3,train,12
3,train,14
3,train,15
3,train,16
3,train,17
3,train,19
3,train,21
3,train,23
3,train,24
3,train,25
3,train,26
3,train,27
3,train,28
3,train,29
3,train,30
3,train,31
3,train,32
3,train,33
3,train,34
3,train,36
3,train,37
3,train,38
3,train,39
3,train,40
3,train,42
3,train,43
3,train,44
3,train,45
3,train,46
3,train,47
3,train,48
3,train,50
3,train,51
3,train,52
3,train,53
3,train,54
3,train,55
3,train,56
3,train,58
3,train,59
3,train,60
3,train,61
3,train,62
3,train,63
3,train,64
3,train,65
3,train,66
3,train,67
3,train,68
3,train,69
3,train,70
3,train,73
3,train,74
3,train,75
3,train,76
3,train,77
3,train,79
3,train,80
3,train,81
3,train,82
3,train,84
3,train,88
3,train,89
3,train,90
3,train,92
3,train,93
3,train,94
3,train,95
3,train,96
3,train,97
3,train,98
3,train,99
3,train,101
3,train,102
3,train,103
3,train,106
3,train,107
3,train,108
3,train,109
3,train,110
3,train,112
3,train,113
3,train,114
3,train,116
3,train,117
3,train,119
3,train,120
3,train,122
3,train,124
3,train,125
3,train,126
3,train,127
3,train,129
3,train,130
3,train,131
3,train,132
3,train,133
3,train,134
3,train,136
3,train,137
3,train,138
3,train,139
3,train,141
3,train,143
3,train,144
3,train,145
3,train,146
3,train,147
3,train,148
3,train,149
3,train,150
3,train,151
3,train,152
3,train,153
3,train,154
3,train,155
3,train,156
3,train,157
3,train,159
3,train,160
3,train,161
3,train,162
3,train,164
3,train,165
3,train,166
3,train,167
3,train,169
3,train,170
3,train,171
3,train,172
3,train,173
3,train,174
3,train,175
3,train,176
3,train,177
3,train,178
3,train,179
3,train,180
3,train,181
3,train,182
3,train,183
3,train,184
3,train,186
3,train,187
3,train,188
3,train,189
3,train,190
3,train,192
3,train,193
3,train,194
3,train,195
3,train,196
3,train,197
3,train,198
3,train,200
3,train,201
3,train,202
3,train,203
3,train,204
3,train,205
3,train,206
3,train,208
3,train,209
3,train,210
3,train,211
3,train,214
3,train,215
3,train,216
3,train,217
3,train,218
3,train,219
3,train,220
3,train,221
3,train,222
3,train,223
3,train,224
3,train,225
3,train,226
3,train,227
3,train,228
3,train,229
3,train,232
3,train,234
3,train,235
3,train,236
3,train,238
3,train,239
3,train,240
3,train,241
3,train,242
3,train,244
3,train,245
3,train,246
3,train,247
3,train,248
3,train,249
3,train,250
3,train,251
3,train,252
3,train,253
3,train,254
3,train,255
3,train,256
3,train,257
3,train,258
3,train,259
3,train,260
3,train,262
3,train,263
3,train,264
3,train,265
3,train,266
3,train,267
3,train,268
3,train,270
3,train,271
3,train,274
3,train,277
3,train,278
3,train,279
3,train,280
3,train,283
3,train,284
3,train,285
3,train,286
3,train,287
3,train,288
3,train,289
3,train,290
3,train,291
3,train,292
3,train,293
3,train,294
3,train,295
3,train,296
3,train,297
3,train,298
3,train,299
3,train,301
3,train,302
3,train,305
3,train,308
3,train,309
3,train,310
3,train,312
3,train,313
3,train,314
3,train,315
3,train,317
3,train,318
3,train,319
3,train,320
3,train,321
3,train,322
3,train,324
3,train,325
3,train,326
3,train,327
3,train,329
3,train,330
3,train,331
3,train,332
3,train,333
3,train,334
3,train,335
3,train,336
3,train,337
3,train,338
3,train,339
3,train,341
3,train,342
3,train,343
3,train,345
3,train,346
3,train,351
3,train,353
3,train,354
3,train,355
3,train,356
3,train,357
3,train,358
3,train,359
3,train,360
3,train,362
3,train,363
3,train,364
3,train,366
3,train,368
3,train,370
3,train,371
3,train,372
3,train,373
3,train,375
3,train,376
3,train,378
3,train,379
3,train,381
3,train,382
3,train,383
3,train,384
3,train,385
3,train,386
3,train,387
3,train,388
3,train,389
3,train,390
3,train,391
3,train,393
3,train,395
3,train,396
3,train,397
3,train,398
3,train,400
3,train,401
3,train,402
3,train,404
3,train,405
3,train,408
3,train,410
3,train,411
3,train,412
3,train,414
3,train,415
3,train,416
3,train,417
3,train,418
3,train,419
3,train,422
3,train,423
3,train,425
3,train,426
3,train,428
3,train,429
3,train,430
3,train,431
3,train,432
3,train,433
3,train,434
3,train,436
3,train,437
3,train,438
3,train,439
3,train,441
3,train,442
3,train,443
3,train,445
3,train,446
3,train,447
3,train,448
3,train,449
3,train,450
3,train,451
3,train,452
3,train,453
3,train,454
3,train,455
3,train,457
3,train,461
3,train,463
3,train,465
3,train,466
3,train,467
3,train,468
3,train,470
3,train,471
3,train,473
3,train,474
3,train,475
3,train,476
3,train,477
3,train,478
3,train,479
3,train,481
3,train,483
3,train,484
3,train,485
3,train,486
3,train,487
3,train,488
3,train,490
3,train,491
3,train,492
3,train,494
3,train,495
3,train,496
3,train,497
3,train,499
3,train,500
3,train,501
3,train,502
3,train,504
3,train,505
3,train,506
3,train,507
3,train,508
3,train,510
3,train,511
3,train,512
3,train,513
3,train,515
3,train,516
3,train,517
3,train,518
3,train,520
3,train,523
3,train,524
3,train,525
3,train,527
3,train,528
3,train,530
3,train,531
3,train,532
3,train,534
3,train,535
3,train,536
3,train,537
3,train,538
3,train,539
3,train,541
3,train,543
3,train,544
3,train,545
3,train,546
3,train,547
3,train,549
3,train,550
3,train,551
3,train,554
3,train,555
3,train,556
3,train,557
3,train,558
3,train,559
3,train,561
3,train,562
3,train,563
3,train,564
3,train,565
3,train,566
3,train,567
3,train,568
3,train,569
3,train,570
3,train,571
3,train,572
3,train,573
3,train,574
3,train,576
3,train,577
3,train,578
3,train,579
3,train,580
3,train,581
3,train,582
3,train,584
3,train,585
3,train,586
3,train,587
3,train,588
3,train,589
3,train,592
3,train,594
3,train,595
3,train,596
3,train,598
3,train,599
3,train,600
3,train,601
3,train,602
3,train,603
3,train,604
3,train,605
3,train,606
3,train,608
3,train,609
3,train,610
3,train,611
3,train,612
3,train,613
3,train,614
3,train,615
3,train,616
3,train,617
3,train,618
3,train,620
3,train,621
3,train,622
3,train,623
3,train,624
3,train,625
3,train,626
3,train,627
3,train,628
3,train,631
3,train,633
3,train,635
3,train,637
3,train,638
3,train,639
3,train,640
3,train,642
3,train,643
3,train,644
3,train,645
3,train,646
3,train,647
3,train,648
3,train,650
3,train,652
3,train,653
3,train,654
3,train,655
3,train,657
3,train,658
3,train,659
3,train,661
3,train,663
3,train,665
3,train,666
3,train,667
3,train,668
3,train,669
3,train,670
3,train,671
3,train,673
3,train,674
3,train,675
3,train,676
3,train,677
3,train,678
3,train,679
3,train,680
3,train,681
3,train,682
3,train,683
3,train,684
3,train,686
3,train,688
3,train,689
3,train,690
3,train,691
3,train,692
3,train,693
3,train,696
3,train,697
3,train,698
3,train,699
3,train,700
3,train,701
3,train,703
3,train,704
3,train,705
3,train,706
3,train,708
3,train,709
3,train,710
3,train,711
3,train,712
3,train,713
3,train,715
3,train,716
3,train,717
3,train,718
3,train,720
3,train,721
3,train,722
3,train,723
3,train,724
3,train,725
3,train,726
3,train,727
3,train,728
3,train,729
3,train,730
3,train,731
3,train,732
3,train,733
3,train,734
3,train,735
3,train,736
3,train,737
3,train,738
3,train,739
3,train,740
3,train,742
3,train,744
3,train,745
3,train,746
3,train,747
3,train,748
3,train,750
3,train,751
3,train,752
3,train,753
3,train,755
3,train,756
3,train,757
3,train,758
3,train,759
3,train,760
3,train,761
3,train,762
3,train,763
3,train,764
3,train,765
3,train,766
3,train,768
3,train,769
3,train,770
3,train,771
3,train,773
3,train,774
3,train,775
3,train,776
3,train,777
3,train,780
3,train,781
3,train,783
3,train,784
3,train,785
3,train,787
3,train,790
3,train,793
3,train,794
3,train,795
3,train,796
3,train,797
3,train,798
3,train,799
3,train,800
3,train,802
3,train,803
3,train,804
3,train,805
3,train,806
3,train,807
3,train,809
3,train,810
3,train,811
3,train,812
3,train,813
3,train,814
3,train,815
3,train,816
3,train,817
3,train,818
3,train,820
3,train,822
3,train,823
3,train,824
3,train,825
3,train,826
3,train,827
3,train,828
3,train,829
3,train,830
3,train,831
3,train,832
3,train,833
3,train,836
3,train,838
3,train,839
3,train,840
3,train,841
3,train,842
3,train,843
3,train,846
3,train,847
3,train,848
3,train,849
3,train,850
3,train,851
3,train,852
3,train,853
3,train,854
3,train,856
3,train,857
3,train,860
3,train,862
3,train,863
3,train,864
3,train,865
3,train,866
3,train,867
3,train,868
3,train,869
3,train,870
3,train,871
3,train,872
3,train,874
3,train,875
3,train,876
3,train,877
3,train,878
3,train,879
3,train,880
3,train,881
3,train,882
3,train,883
3,train,884
3,train,885
3,train,888
3,train,889
3,train,892
3,train,893
3,train,894
3,train,895
3,train,896
3,train,897
3,train,898
3,train,899
3,train,901
3,train,903
3,train,904
3,train,905
3,train,906
3,train,907
3,train,908
3,train,909
3,train,910
3,train,911
3,train,912
3,train,913
3,train,914
3,train,915
3,train,917
3,train,918
3,train,919
3,train,920
3,train,921
3,train,922
3,train,923
3,train,924
3,train,925
3,train,926
3,train,927
3,train,928
3,train,929
3,train,930
3,train,932
3,train,933
3,train,934
3,train,935
3,train,936
3,train,937
3,train,938
3,train,940
3,train,941
3,train,943
3,train,946
3,train,947
3,train,948
3,train,949
3,train,950
3,train,951
3,train,952
3,train,953
3,train,954
3,train,956
3,train,957
3,train,958
3,train,959
3,train,960
3,train,963
3,train,964
3,train,965
3,train,966
3,train,967
3,train,969
3,train,971
3,train,972
3,train,974
3,train,975
3,train,976
3,train,977
3,train,978
3,train,979
3,train,980
3,train,981
3,train,983
3,train,984
3,train,985
3,train,987
3,train,988
3,train,989
3,train,990
3,train,991
3,train,992
3,train,993
3,train,995
3,train,996
3,train,997
3,train,999
3,train,1001
3,train,1002
3,train,1003
3,train,1006
3,train,1007
3,train,1008
3,train,1010
3,train,1011
3,train,1012
3,train,1013
3,train,1015
3,train,1016
3,train,1017
3,train,1018
3,train,1019
3,train,1020
3,train,1021
3,train,1022
3,train,1023
3,train,1024
3,train,1025
3,train,1026
3,train,1027
3,train,1028
3,train,1029
3,train,1030
3,train,1031
3,train,1032
3,train,1034
3,train,1035
3,train,1037
3,train,1038
3,train,1039
3,train,1040
3,train,1041
3,train,1042
3,train,1043
3,train,1044
3,train,1045
3,train,1046
3,train,1047
3,train,1049
3,train,1051
3,train,1052
3,train,1054
3,train,1055
3,train,1056
3,train,1057
3,train,1059
3,train,1060
3,train,1061
3,train,1062
3,train,1063
3,train,1064
3,train,1065
3,train,1066
3,train,1068
3,train,1069
3,train,1070
3,train,1071
3,train,1073
3,train,1074
3,train,1075
3,train,1076
3,train,1077
3,train,1078
3,train,1079
3,train,1080
3,train,1081
3,train,1082
3,train,1084
3,train,1085
3,train,1086
3,train,1088
3,train,1090
3,train,1091
3,train,1092
3,train,1094
3,train,1095
3,train,1096
3,train,1097
3,train,1099
3,train,1101
3,train,1102
3,train,1103
3,train,1104
3,train,1105
3,train,1106
3,train,1107
3,train,1108
3,train,1110
3,train,1111
3,train,1112
3,train,1113
3,train,1114
3,train,1115
3,train,1116
3,train,1117
3,train,1118
3,train,1119
3,train,1120
3,train,1121
3,train,1122
3,train,1123
3,train,1124
3,train,1126
3,train,1128
3,train,1129
3,train,1130
3,train,1131
3,train,1132
3,train,1135
3,train,1136
3,train,1137
3,train,1138
3,train,1139
3,train,1140
3,train,1141
3,train,1144
3,train,1145
3,train,1146
3,train,1147
3,train,1148
3,train,1149
3,train,1150
3,train,1152
3,train,1154
3,train,1155
3,train,1156
3,train,1157
3,train,1158
3,train,1159
3,train,1160
3,train,1161
3,train,1162
3,train,1163
3,train,1164
3,train,1165
3,train,1166
3,train,1167
3,train,1168
3,train,1169
3,train,1170
3,train,1171
3,train,1172
3,train,1173
3,train,1174
3,train,1175
3,train,1176
3,train,1178
3,train,1180
3,train,1181
3,train,1182
3,train,1183
3,train,1184
3,train,1185
3,train,1186
3,train,1187
3,train,1188
3,train,1189
3,train,1191
3,train,1192
3,train,1193
3,train,1194
3,train,1197
3,train,1199
3,train,1200
3,train,1201
3,train,1202
3,train,1203
3,train,1204
3,train,1205
3,train,1207
3,train,1209
3,train,1210
3,train,1211
3,train,1212
3,train,1213
3,train,1214
3,train,1215
3,train,1216
3,train,1217
3,train,1218
3,train,1219
3,train,1220
3,train,1221
3,train,1222
3,train,1223
3,train,1224
3,train,1225
3,train,1226
3,train,1227
3,train,1228
3,train,1231
3,train,1233
3,train,1235
3,train,1237
3,train,1238
3,train,1240
3,train,1242
3,train,1243
3,train,1244
3,train,1245
3,train,1246
3,train,1247
3,train,1248
3,train,1250
3,train,1252
3,train,1253
3,train,1254
3,train,1255
3,train,1256
3,train,1257
3,train,1258
3,train,1260
3,train,1261
3,train,1262
3,train,1263
3,train,1264
3,train,1265
3,train,1267
3,train,1268
3,train,1270
3,train,1272
3,train,1274
3,train,1275
3,train,1276
3,train,1277
3,train,1278
3,train,1279
3,train,1280
3,train,1281
3,train,1282
3,train,1283
3,train,1285
3,train,1287
3,train,1288
3,train,1289
3,train,1290
3,train,1291
3,train,1292
3,train,1293
3,train,1295
3,train,1296
3,train,1297
3,train,1298
3,train,1299
3,train,1300
3,train,1301
3,train,1302
3,train,1303
3,train,1304
3,train,1305
3,train,1306
3,train,1308
3,train,1309
3,train,1311
3,train,1312
3,train,1313
3,train,1314
3,train,1315
3,train,1318
3,train,1319
3,train,1320
3,train,1321
3,train,1322
3,train,1323
3,train,1324
3,train,1325
3,train,1326
3,train,1329
3,train,1330
3,train,1331
3,train,1332
3,train,1333
3,train,1334
3,train,1335
3,train,1336
3,train,1337
3,train,1338
3,train,1340
3,train,1341
3,train,1342
3,train,1344
3,train,1345
3,train,1346
3,train,1347
3,train,1348
3,train,1349
3,train,1350
3,train,1351
3,train,1353
3,train,1355
3,train,1356
3,train,1358
3,train,1361
3,train,1362
3,train,1363
3,train,1365
3,train,1366
3,train,1369
3,train,1370
3,train,1371
3,train,1372
3,train,1373
3,train,1374
3,train,1377
3,train,1378
3,train,1379
3,train,1380
3,train,1383
3,train,1384
3,train,1386
3,train,1387
3,train,1388
3,train,1389
3,train,1390
3,train,1391
3,train,1392
3,train,1393
3,train,1394
3,train,1395
3,train,1396
3,train,1397
3,train,1398
3,train,1400
3,train,1401
3,train,1402
3,train,1404
3,train,1406
3,train,1407
3,train,1409
3,train,1411
3,train,1412
3,train,1413
3,train,1415
3,train,1416
3,train,1417
3,train,1418
3,train,1419
3,train,1421
3,train,1422
3,train,1424
3,train,1426
3,train,1427
3,train,1428
3,train,1429
3,train,1430
3,train,1431
3,train,1432
3,train,1433
3,train,1434
3,train,1435
3,train,1436
3,train,1437
3,train,1438
3,train,1440
3,train,1444
3,train,1445
3,train,1448
3,train,1449
3,train,1450
3,train,1451
3,train,1453
3,train,1454
3,train,1455
3,train,1456
3,train,1457
3,train,1458
3,train,1460
3,train,1461
3,train,1463
3,train,1464
3,train,1466
3,train,1467
3,train,1468
3,train,1469
3,train,1470
3,train,1471
3,train,1473
3,train,1474
3,train,1476
3,train,1477
3,train,1478
3,train,1479
3,train,1480
3,train,1481
3,train,1482
3,train,1483
3,train,1484
3,train,1485
3,train,1486
3,train,1487
3,train,1488
3,train,1489
3,train,1490
3,train,1491
3,train,1492
3,train,1493
3,train,1495
3,train,1497
3,train,1498
3,train,1499
3,train,1500
3,train,1501
3,train,1502
3,train,1503
3,train,1504
3,train,1505
3,train,1507
3,train,1508
3,train,1509
3,train,1510
3,train,1512
3,train,1513
3,train,1515
3,train,1516
3,train,1517
3,train,1519
3,train,1520
3,train,1521
3,train,1522
3,train,1523
3,train,1524
3,train,1526
3,train,1527
3,train,1528
3,train,1529
3,train,1531
3,train,1532
3,train,1533
3,train,1534
3,train,1536
3,train,1537
3,train,1538
3,train,1539
3,train,1540
3,train,1541
3,train,1542
3,train,1543
3,train,1544
3,train,1545
3,train,1547
3,train,1548
3,train,1549
3,train,1550
3,train,1551
3,train,1552
3,train,1554
3,train,1555
3,train,1556
3,train,1557
3,train,1558
3,train,1560
3,train,1561
3,train,1563
3,train,1564
3,train,1565
3,train,1566
3,train,1568
3,train,1569
3,train,1570
3,train,1571
3,train,1572
3,train,1573
3,train,1574
3,train,1578
3,train,1580
3,train,1581
3,train,1582
3,train,1585
3,train,1586
3,train,1588
3,train,1589
3,train,1590
3,train,1591
3,train,1592
3,train,1593
3,train,1594
3,train,1595
3,train,1596
3,train,1597
3,train,1598
3,train,1599
3,train,1600
3,train,1602
3,train,1603
3,train,1604
3,train,1605
3,train,1606
3,train,1607
3,train,1609
3,train,1610
3,train,1611
3,train,1612
3,train,1614
3,train,1615
3,train,1616
3,train,1617
3,train,1618
3,train,1619
3,train,1620
3,train,1621
3,train,1622
3,train,1623
3,train,1625
3,train,1626
3,train,1627
3,train,1629
3,train,1630
3,train,1631
3,train,1632
3,train,1633
3,train,1634
3,train,1635
3,train,1636
3,train,1639
3,train,1640
3,train,1641
3,train,1642
3,train,1643
3,train,1645
3,train,1646
3,train,1647
3,train,1648
3,train,1649
3,train,1650
3,train,1651
3,train,1652
3,train,1654
3,train,1657
3,train,1658
3,train,1659
3,train,1662
3,train,1663
3,train,1664
3,train,1665
3,train,1666
3,train,1668
3,train,1669
3,train,1670
3,train,1672
3,train,1673
3,train,1675
3,train,1676
3,train,1678
3,train,1679
3,train,1680
3,train,1682
3,train,1683
3,train,1684
3,train,1685
3,train,1686
3,train,1687
3,train,1690
3,train,1691
3,train,1692
3,train,1693
3,train,1694
3,train,1696
3,train,1697
3,train,1698
3,train,1699
3,train,1700
3,train,1701
3,train,1702
3,train,1703
3,train,1704
3,train,1705
3,train,1707
3,train,1708
3,train,1711
3,train,1714
3,train,1715
3,train,1716
3,train,1717
3,train,1718
3,train,1719
3,train,1720
3,train,1721
3,train,1722
3,train,1723
3,train,1724
3,train,1726
3,train,1727
3,train,1728
3,train,1729
3,train,1730
3,train,1732
3,train,1733
3,train,1734
3,train,1736
3,train,1738
3,train,1739
3,train,1740
3,train,1741
3,train,1743
3,train,1744
3,train,1745
3,train,1746
3,train,1747
3,train,1749
3,train,1750
3,train,1751
3,train,1752
3,train,1753
3,train,1755
3,train,1757
3,train,1758
3,train,1759
3,train,1760
3,train,1761
3,train,1762
3,train,1765
3,train,1767
3,train,1769
3,train,1770
3,train,1771
3,train,1772
3,train,1773
3,train,1774
3,train,1775
3,train,1776
3,train,1777
3,train,1778
3,train,1779
3,train,1780
3,train,1781
3,train,1782
3,train,1783
3,train,1784
3,train,1785
3,train,1786
3,train,1788
3,train,1789
3,train,1790
3,train,1792
3,train,1793
3,train,1794
3,train,1796
3,train,1799
3,train,1800
3,train,1802
3,train,1803
3,train,1804
3,train,1806
3,train,1807
3,train,1808
3,train,1810
3,train,1812
3,train,1813
3,train,1814
3,train,1815
3,train,1816
3,train,1817
3,train,1818
3,train,1819
3,train,1821
3,train,1822
3,train,1823
3,train,1824
3,train,1827
3,train,1828
3,train,1829
3,train,1830
3,train,1831
3,train,1832
3,train,1833
3,train,1834
3,train,1835
3,train,1836
3,train,1837
3,train,1838
3,train,1839
3,train,1840
3,train,1841
3,train,1842
3,train,1843
3,train,1844
3,train,1845
3,train,1846
3,train,1848
3,train,1851
3,train,1852
3,train,1853
3,train,1854
3,train,1855
3,train,1856
3,train,1857
3,train,1858
3,train,1859
3,train,1860
3,train,1861
3,train,1862
3,train,1863
3,train,1864
3,train,1865
3,train,1867
3,train,1868
3,train,1869
3,train,1870
3,train,1871
3,train,1872
3,train,1873
3,train,1874
3,train,1875
3,train,1876
3,train,1877
3,train,1879
3,train,1880
3,train,1881
3,train,1885
3,train,1886
3,train,1887
3,train,1888
3,train,1889
3,train,1890
3,train,1891
3,train,1892
3,train,1893
3,train,1894
3,train,1895
3,train,1896
3,train,1897
3,train,1898
3,train,1899
3,train,1900
3,train,1901
3,train,1902
3,train,1903
3,train,1904
3,train,1905
3,train,1906
3,train,1907
3,train,1908
3,train,1909
3,train,1910
3,train,1911
3,train,1912
3,train,1913
3,train,1914
3,train,1915
3,train,1917
3,train,1918
3,train,1919
3,train,1920
3,train,1921
3,train,1923
3,train,1924
3,train,1926
3,train,1928
3,train,1929
3,train,1930
3,train,1931
3,train,1932
3,train,1933
3,train,1934
3,train,1935
3,train,1938
3,train,1939
3,train,1941
3,train,1942
3,train,1943
3,train,1944
3,train,1945
3,train,1946
3,train,1952
3,train,1954
3,train,1955
3,train,1957
3,train,1958
3,train,1959
3,train,1961
3,train,1962
3,train,1964
3,train,1965
3,train,1966
3,train,1967
3,train,1968
3,train,1969
3,train,1970
3,train,1972
3,train,1973
3,train,1974
3,train,1975
3,train,1976
3,train,1981
3,train,1982
3,train,1983
3,train,1984
3,train,1985
3,train,1986
3,train,1988
3,train,1989
3,train,1990
3,train,1991
3,train,1994
3,train,1995
3,train,1996
3,train,1997
3,train,1998
3,train,2000
3,train,2001
3,train,2004
3,train,2005
3,train,2006
3,train,2007
3,train,2011
3,train,2012
3,train,2014
3,train,2015
3,train,2016
3,train,2017
3,train,2018
3,train,2019
3,train,2021
3,train,2022
3,train,2023
3,train,2024
3,train,2025
3,train,2026
3,train,2027
3,train,2028
3,train,2029
3,train,2030
3,train,2032
3,train,2033
3,train,2035
3,train,2036
3,train,2038
3,train,2039
3,train,2040
3,train,2041
3,train,2042
3,train,2047
3,train,2048
3,train,2049
3,train,2050
3,train,2051
3,train,2052
3,train,2053
3,train,2054
3,train,2055
3,train,2056
3,train,2058
3,train,2059
3,train,2060
3,train,2061
3,train,2062
3,train,2064
3,train,2065
3,train,2067
3,train,2070
3,train,2072
3,train,2073
3,train,2074
3,train,2075
3,train,2076
3,train,2077
3,train,2079
3,train,2080
3,train,2081
3,train,2082
3,train,2083
3,train,2084
3,train,2086
3,train,2087
3,train,2088
3,train,2089
3,train,2090
3,train,2091
3,train,2092
3,train,2093
3,train,2094
3,train,2096
3,train,2097
3,train,2098
3,train,2099
3,train,2100
3,train,2101
3,train,2103
3,train,2105
3,train,2106
3,train,2107
3,train,2108
3,train,2109
3,train,2112
3,train,2114
3,train,2115
3,train,2116
3,train,2117
3,train,2118
3,train,2119
3,train,2120
3,train,2121
3,train,2122
3,train,2123
3,train,2124
3,train,2125
3,train,2126
3,train,2127
3,train,2128
3,train,2129
3,train,2130
3,train,2131
3,train,2133
3,train,2134
3,train,2135
3,train,2136
3,train,2137
3,train,2138
3,train,2139
3,train,2141
3,train,2142
3,train,2143
3,train,2144
3,train,2145
3,train,2146
3,train,2148
3,train,2150
3,train,2151
3,train,2152
3,train,2153
3,train,2154
3,train,2155
3,train,2156
3,train,2157
3,train,2158
3,train,2159
3,train,2160
3,train,2161
3,train,2162
3,train,2164
3,train,2165
3,train,2168
3,train,2170
3,train,2172
3,train,2173
3,train,2174
3,train,2175
3,train,2176
3,train,2177
3,train,2179
3,train,2180
3,train,2181
3,train,2183
3,train,2184
3,train,2185
3,train,2186
3,train,2187
3,train,2188
3,train,2190
3,train,2191
3,train,2192
3,train,2193
3,train,2197
3,train,2198
3,train,2200
3,train,2201
3,train,2202
3,train,2203
3,train,2204
3,train,2205
3,train,2207
3,train,2208
3,train,2209
3,train,2210
3,train,2213
3,train,2214
3,train,2215
3,train,2217
3,train,2219
3,train,2220
3,train,2221
3,train,2222
3,train,2223
3,train,2224
3,train,2225
3,train,2227
3,train,2228
3,train,2230
3,train,2231
3,train,2233
3,train,2234
3,train,2235
3,train,2236
3,train,2237
3,train,2238
3,train,2239
3,train,2240
3,train,2242
3,train,2243
3,train,2244
3,train,2245
3,train,2247
3,train,2248
3,train,2250
3,train,2252
3,train,2254
3,train,2255
3,train,2257
3,train,2258
3,train,2259
3,train,2261
3,train,2262
3,train,2263
3,train,2264
3,train,2265
3,train,2266
3,train,2268
3,train,2269
3,train,2271
3,train,2273
3,train,2275
3,train,2276
3,train,2278
3,train,2279
3,train,2280
3,train,2281
3,train,2282
3,train,2283
3,train,2285
3,train,2286
3,train,2291
3,train,2292
3,train,2293
3,train,2294
3,train,2295
3,train,2296
3,train,2297
3,train,2298
3,train,2300
3,train,2301
3,train,2302
3,train,2304
3,train,2305
3,train,2306
3,train,2307
3,train,2308
3,train,2309
3,train,2312
3,train,2313
3,train,2314
3,train,2315
3,train,2316
3,train,2317
3,train,2318
3,train,2319
3,train,2320
3,train,2321
3,train,2322
3,train,2324
3,train,2325
3,train,2326
3,train,2327
3,train,2328
3,train,2330
3,train,2331
3,train,2332
3,train,2333
3,train,2336
3,train,2337
3,train,2338
3,train,2339
3,train,2341
3,train,2342
3,train,2343
3,train,2344
3,train,2345
3,train,2346
3,train,2347
3,train,2348
3,train,2349
3,train,2351
3,train,2353
3,train,2354
3,train,2355
3,train,2357
3,train,2358
3,train,2359
3,train,2360
3,train,2361
3,train,2362
3,train,2363
3,train,2364
3,train,2365
3,train,2366
3,train,2368
3,train,2369
3,train,2371
3,train,2372
3,train,2373
3,train,2374
3,train,2375
3,train,2376
3,train,2378
3,train,2379
3,train,2380
3,train,2382
3,train,2383
3,train,2384
3,train,2385
3,train,2386
3,train,2388
3,train,2389
3,train,2390
3,train,2391
3,train,2392
3,train,2393
3,train,2394
3,train,2395
3,train,2396
3,train,2397
3,train,2398
3,train,2400
3,train,2401
3,train,2402
3,train,2403
3,train,2404
3,train,2406
3,train,2407
3,train,2408
3,train,2410
3,train,2411
3,train,2412
3,train,2414
3,train,2415
3,train,2418
3,train,2419
3,train,2420
3,train,2421
3,train,2422
3,train,2424
3,train,2426
3,train,2427
3,train,2428
3,train,2429
3,train,2431
3,train,2432
3,train,2433
3,train,2434
3,train,2435
3,train,2436
3,train,2437
3,train,2438
3,train,2439
3,train,2440
3,train,2441
3,train,2442
3,train,2443
3,train,2444
3,train,2445
3,train,2446
3,train,2447
3,train,2448
3,train,2449
3,train,2453
3,train,2454
3,train,2455
3,train,2456
3,train,2457
3,train,2458
3,train,2459
3,train,2460
3,train,2461
3,train,2462
3,train,2463
3,train,2464
3,train,2465
3,train,2466
3,train,2467
3,train,2468
3,train,2469
3,train,2470
3,train,2471
3,train,2472
3,train,2473
3,train,2474
3,train,2475
3,train,2478
3,train,2479
3,train,2480
3,train,2481
3,train,2482
3,train,2483
3,train,2484
3,train,2485
3,train,2486
3,train,2487
3,train,2489
3,train,2490
3,train,2491
3,train,2492
3,train,2493
3,train,2495
3,train,2497
3,train,2498
3,train,2500
3,train,2501
3,train,2502
3,train,2503
3,train,2504
3,train,2505
3,train,2506
3,train,2507
3,train,2508
3,train,2509
3,train,2510
3,train,2511
3,train,2512
3,train,2513
3,train,2514
3,train,2516
3,train,2518
3,train,2519
3,train,2520
3,train,2521
3,train,2523
3,train,2524
3,train,2525
3,train,2526
3,train,2527
3,train,2528
3,train,2529
3,train,2531
3,train,2532
3,train,2533
3,train,2534
3,train,2537
3,train,2538
3,train,2539
3,train,2540
3,train,2541
3,train,2542
3,train,2544
3,train,2545
3,train,2546
3,train,2547
3,train,2549
3,train,2551
3,train,2552
3,train,2553
3,train,2554
3,train,2555
3,train,2556
3,train,2557
3,train,2558
3,train,2560
3,train,2562
3,train,2563
3,train,2564
3,train,2565
3,train,2566
3,train,2567
3,train,2568
3,train,2569
3,train,2570
3,train,2571
3,train,2572
3,train,2573
3,train,2574
3,train,2575
3,train,2576
3,train,2578
3,train,2580
3,train,2581
3,train,2582
3,train,2583
3,train,2584
3,train,2588
3,train,2589
3,train,2590
3,train,2592
3,train,2593
3,train,2595
3,train,2597
3,train,2599
3,train,2601
3,train,2602
3,train,2603
3,train,2604
3,train,2605
3,train,2606
3,train,2608
3,train,2609
3,train,2611
3,train,2612
3,train,2613
3,train,2614
3,train,2615
3,train,2616
3,train,2617
3,train,2618
3,train,2620
3,train,2621
3,train,2624
3,train,2625
3,train,2626
3,train,2627
3,train,2628
3,train,2629
3,train,2631
3,train,2632
3,train,2633
3,train,2634
3,train,2635
3,train,2636
3,train,2637
3,train,2638
3,train,2639
3,train,2640
3,train,2641
3,train,2642
3,train,2643
3,train,2644
3,train,2645
3,train,2646
3,train,2647
3,train,2648
3,train,2652
3,train,2653
3,train,2655
3,train,2656
3,train,2657
3,train,2659
3,train,2660
3,train,2661
3,train,2663
3,train,2664
3,train,2665
3,train,2667
3,train,2668
3,train,2670
3,train,2671
3,train,2673
3,train,2674
3,train,2675
3,train,2677
3,train,2679
3,train,2680
3,train,2681
3,train,2682
3,train,2683
3,train,2684
3,train,2685
3,train,2686
3,train,2687
3,train,2690
3,train,2692
3,train,2693
3,train,2694
3,train,2695
3,train,2698
3,train,2699
3,train,2701
3,train,2702
3,train,2703
3,train,2705
3,train,2708
3,train,2709
3,train,2710
3,train,2711
3,train,2712
3,train,2713
3,train,2716
3,train,2717
3,train,2718
3,train,2719
3,train,2720
3,train,2721
3,train,2723
3,train,2724
3,train,2725
3,train,2726
3,train,2727
3,train,2728
3,train,2729
3,train,2730
3,train,2731
3,train,2732
3,train,2733
3,train,2734
3,train,2735
3,train,2736
3,train,2737
3,train,2738
3,train,2739
3,train,2740
3,train,2741
3,train,2744
3,train,2745
3,train,2746
3,train,2747
3,train,2751
3,train,2752
3,train,2753
3,train,2755
3,train,2756
3,train,2757
3,train,2759
3,train,2760
3,train,2761
3,train,2762
3,train,2763
3,train,2764
3,train,2765
3,train,2766
3,train,2767
3,train,2768
3,train,2769
3,train,2771
3,train,2772
3,train,2773
3,train,2774
3,train,2775
3,train,2777
3,train,2779
3,train,2780
3,train,2782
3,train,2783
3,train,2785
3,train,2786
3,train,2788
3,train,2789
3,train,2790
3,train,2791
3,train,2792
3,train,2794
3,train,2795
3,train,2797
3,train,2798
3,train,2799
3,train,2800
3,train,2801
3,train,2802
3,train,2804
3,train,2805
3,train,2806
3,train,2808
3,train,2809
3,train,2810
3,train,2811
3,train,2812
3,train,2814
3,train,2815
3,train,2816
3,train,2818
3,train,2819
3,train,2820
3,train,2822
3,train,2824
3,train,2825
3,train,2826
3,train,2827
3,train,2830
3,train,2831
3,train,2832
3,train,2833
3,train,2834
3,train,2835
3,train,2836
3,train,2837
3,train,2838
3,train,2839
3,train,2840
3,train,2841
3,train,2842
3,train,2843
3,train,2844
3,train,2845
3,train,2846
3,train,2847
3,train,2848
3,train,2849
3,train,2851
3,train,2852
3,train,2853
3,train,2854
3,train,2856
3,train,2857
3,train,2858
3,train,2859
3,train,2860
3,train,2861
3,train,2862
3,train,2863
3,train,2864
3,train,2865
3,train,2866
3,train,2867
3,train,2868
3,train,2869
3,train,2870
3,train,2871
3,train,2872
3,train,2873
3,train,2874
3,train,2875
3,train,2878
3,train,2879
3,train,2881
3,train,2883
3,train,2884
3,train,2885
3,train,2886
3,train,2888
3,train,2889
3,train,2890
3,train,2891
3,train,2892
3,train,2894
3,train,2895
3,train,2896
3,train,2897
3,train,2898
3,train,2900
3,train,2901
3,train,2902
3,train,2903
3,train,2904
3,train,2905
3,train,2906
3,train,2907
3,train,2908
3,train,2909
3,train,2910
3,train,2911
3,train,2912
3,train,2913
3,train,2914
3,train,2916
3,train,2917
3,train,2918
3,train,2919
3,train,2920
3,train,2922
3,train,2923
3,train,2924
3,train,2925
3,train,2928
3,train,2929
3,train,2930
3,train,2931
3,train,2933
3,train,2934
3,train,2935
3,train,2937
3,train,2938
3,train,2941
3,train,2942
3,train,2943
3,train,2944
3,train,2945
3,train,2946
3,train,2947
3,train,2948
3,train,2950
3,train,2951
3,train,2953
3,train,2954
3,train,2956
3,train,2957
3,train,2958
3,train,2959
3,train,2960
3,train,2961
3,train,2962
3,train,2963
3,train,2964
3,train,2965
3,train,2966
3,train,2967
3,train,2968
3,train,2969
3,train,2970
3,train,2971
3,train,2972
3,train,2973
3,train,2974
3,train,2975
3,train,2976
3,train,2979
3,train,2980
3,train,2981
3,train,2982
3,train,2983
3,train,2984
3,train,2985
3,train,2986
3,train,2987
3,train,2988
3,train,2989
3,train,2992
3,train,2993
3,train,2994
3,train,2995
3,train,2998
3,train,2999
3,train,3002
3,train,3004
3,train,3005
3,train,3006
3,train,3009
3,train,3011
3,train,3012
3,train,3013
3,train,3014
3,train,3015
3,train,3016
3,train,3017
3,train,3018
3,train,3019
3,train,3021
3,train,3022
3,train,3024
3,train,3025
3,train,3026
3,train,3027
3,train,3028
3,train,3030
3,train,3031
3,train,3032
3,train,3033
3,train,3035
3,train,3036
3,train,3037
3,train,3038
3,train,3039
3,train,3040
3,train,3042
3,train,3043
3,train,3044
3,train,3045
3,train,3048
3,train,3050
3,train,3051
3,train,3052
3,train,3054
3,train,3055
3,train,3056
3,train,3057
3,train,3058
3,train,3059
3,train,3060
3,train,3061
3,train,3063
3,train,3064
3,train,3065
3,train,3066
3,train,3067
3,train,3068
3,train,3069
3,train,3070
3,train,3072
3,train,3073
3,train,3074
3,train,3075
3,train,3076
3,train,3077
3,train,3078
3,train,3079
3,train,3080
3,train,3081
3,train,3083
3,train,3084
3,train,3085
3,train,3086
3,train,3087
3,train,3088
3,train,3090
3,train,3091
3,train,3092
3,train,3093
3,train,3094
3,train,3095
3,train,3096
3,train,3097
3,train,3099
3,train,3100
3,train,3102
3,train,3104
3,train,3105
3,train,3106
3,train,3107
3,train,3108
3,train,3109
3,train,3110
3,train,3111
3,train,3112
3,train,3113
3,train,3114
3,train,3115
3,train,3117
3,train,3118
3,train,3119
3,train,3120
3,train,3121
3,train,3122
3,train,3124
3,train,3125
3,train,3126
3,train,3127
3,train,3128
3,train,3131
3,train,3132
3,train,3133
3,train,3134
3,train,3135
3,train,3136
3,train,3137
3,train,3138
3,train,3139
3,train,3140
3,train,3141
3,train,3142
3,train,3143
3,train,3144
3,train,3145
3,train,3146
3,train,3147
3,train,3148
3,train,3149
3,train,3150
3,train,3151
3,train,3152
3,train,3153
3,train,3154
3,train,3155
3,train,3156
3,train,3157
3,train,3158
3,train,3160
3,train,3162
3,train,3164
3,train,3165
3,train,3166
3,train,3167
3,train,3169
3,train,3170
3,train,3171
3,train,3172
3,train,3173
3,train,3174
3,train,3175
3,train,3176
3,train,3177
3,train,3179
3,train,3180
3,train,3182
3,train,3183
3,train,3184
3,train,3185
3,train,3186
3,train,3187
3,train,3188
3,train,3190
3,train,3191
3,train,3193
3,train,3194
3,train,3196
3,train,3197
3,train,3198
3,train,3201
3,train,3202
3,train,3203
3,train,3204
3,train,3205
3,train,3207
3,train,3208
3,train,3209
3,train,3210
3,train,3212
3,train,3213
3,train,3215
3,train,3216
3,train,3217
3,train,3218
3,train,3219
3,train,3220
3,train,3221
3,train,3222
3,train,3224
3,train,3225
3,train,3226
3,train,3227
3,train,3228
3,train,3230
3,train,3231
3,train,3234
3,train,3235
3,train,3236
3,train,3237
3,train,3238
3,train,3241
3,train,3242
3,train,3243
3,train,3245
3,train,3246
3,train,3247
3,train,3248
3,train,3249
3,train,3250
3,train,3251
3,train,3252
3,train,3254
3,train,3255
3,train,3256
3,train,3257
3,train,3258
3,train,3259
3,train,3260
3,train,3261
3,train,3262
3,train,3264
3,train,3266
3,train,3267
3,train,3268
3,train,3269
3,train,3270
3,train,3272
3,train,3274
3,train,3275
3,train,3276
3,train,3277
3,train,3278
3,train,3279
3,train,3280
3,train,3281
3,train,3282
3,train,3283
3,train,3284
3,train,3285
3,train,3286
3,train,3287
3,train,3288
3,train,3289
3,train,3290
3,train,3291
3,train,3293
3,train,3294
3,train,3297
3,train,3300
3,train,3301
3,train,3302
3,train,3304
3,train,3306
3,train,3308
3,train,3309
3,train,3312
3,train,3313
3,train,3314
3,train,3315
3,train,3316
3,train,3317
3,train,3318
3,train,3320
3,train,3321
3,train,3322
3,train,3323
3,train,3324
3,train,3325
3,train,3326
3,train,3327
3,train,3328
3,train,3329
3,train,3330
3,train,3331
3,train,3332
3,train,3333
3,train,3334
3,train,3335
3,train,3336
3,train,3337
3,train,3339
3,train,3340
3,train,3341
3,train,3342
3,train,3343
3,train,3344
3,train,3345
3,train,3347
3,train,3348
3,train,3349
3,train,3350
3,train,3352
3,train,3353
3,train,3354
3,train,3355
3,train,3356
3,train,3357
3,train,3358
3,train,3359
3,train,3360
3,train,3364
3,train,3365
3,train,3366
3,train,3367
3,train,3368
3,train,3369
3,train,3371
3,train,3372
3,train,3373
3,train,3374
3,train,3375
3,train,3376
3,train,3377
3,train,3378
3,train,3379
3,train,3381
3,train,3382
3,train,3385
3,train,3387
3,train,3388
3,train,3389
3,train,3391
3,train,3393
3,train,3394
3,train,3395
3,train,3396
3,train,3397
3,train,3398
3,train,3399
3,train,3402
3,train,3403
3,train,3404
3,train,3406
3,train,3407
3,train,3408
3,train,3409
3,train,3411
3,train,3412
3,train,3413
3,train,3414
3,train,3416
3,train,3417
3,train,3418
3,train,3419
3,train,3420
3,train,3421
3,train,3422
3,train,3423
3,train,3424
3,train,3426
3,train,3427
3,train,3428
3,train,3429
3,train,3430
3,train,3431
3,train,3432
3,train,3433
3,train,3434
3,train,3436
3,train,3437
3,train,3438
3,train,3439
3,train,3440
3,train,3441
3,train,3442
3,train,3443
3,train,3444
3,train,3445
3,train,3446
3,train,3447
3,train,3448
3,train,3449
3,train,3451
3,train,3452
3,train,3453
3,train,3454
3,train,3455
3,train,3456
3,train,3457
3,train,3458
3,train,3461
3,train,3463
3,train,3464
3,train,3465
3,train,3466
3,train,3467
3,train,3468
3,train,3470
3,train,3472
3,train,3473
3,train,3474
3,train,3475
3,train,3476
3,train,3478
3,train,3479
3,train,3480
3,train,3481
3,train,3482
3,train,3484
3,train,3486
3,train,3488
3,train,3489
3,train,3491
3,train,3493
3,train,3494
3,train,3496
3,train,3498
3,train,3499
3,train,3501
3,train,3502
3,train,3503
3,train,3505
3,train,3506
3,train,3507
3,train,3508
3,train,3509
3,train,3510
3,train,3512
3,train,3514
3,train,3516
3,train,3519
3,train,3520
3,train,3521
3,train,3522
3,train,3525
3,train,3526
3,train,3528
3,train,3529
3,train,3531
3,train,3532
3,train,3534
3,train,3536
3,train,3539
3,train,3540
3,train,3541
3,train,3543
3,train,3544
3,train,3546
3,train,3548
3,train,3549
3,train,3550
3,train,3552
3,train,3553
3,train,3554
3,train,3555
3,train,3556
3,train,3558
3,train,3559
3,train,3560
3,train,3561
3,train,3563
3,train,3566
3,train,3567
3,train,3569
3,train,3570
3,train,3571
3,train,3572
3,train,3573
3,train,3574
3,train,3576
3,train,3577
3,train,3578
3,train,3579
3,train,3580
3,train,3581
3,train,3582
3,train,3583
3,train,3584
3,train,3586
3,train,3587
3,train,3588
3,train,3589
3,train,3590
3,train,3591
3,train,3592
3,train,3593
3,train,3594
3,train,3596
3,train,3597
3,train,3600
3,train,3601
3,train,3602
3,train,3604
3,train,3605
3,train,3606
3,train,3610
3,train,3611
3,train,3612
3,train,3613
3,train,3614
3,train,3615
3,train,3616
3,train,3617
3,train,3618
3,train,3619
3,train,3620
3,train,3622
3,train,3623
3,train,3624
3,train,3625
3,train,3626
3,train,3627
3,train,3628
3,train,3629
3,train,3630
3,train,3631
3,train,3632
3,train,3633
3,train,3634
3,train,3635
3,train,3636
3,train,3637
3,train,3638
3,train,3639
3,train,3640
3,train,3641
3,train,3642
3,train,3643
3,train,3644
3,train,3645
3,train,3647
3,train,3648
3,train,3649
3,train,3650
3,train,3651
3,train,3652
3,train,3653
3,train,3654
3,train,3655
3,train,3656
3,train,3657
3,train,3658
3,train,3659
3,train,3660
3,train,3661
3,train,3663
3,train,3664
3,train,3665
3,train,3666
3,train,3667
3,train,3668
3,train,3670
3,train,3672
3,train,3673
3,train,3675
3,train,3676
3,train,3677
3,train,3678
3,train,3681
3,train,3682
3,train,3683
3,train,3684
3,train,3685
3,train,3686
3,train,3687
3,train,3688
3,train,3689
3,train,3690
3,train,3691
3,train,3692
3,train,3693
3,train,3694
3,train,3695
3,train,3696
3,train,3697
3,train,3698
3,train,3699
3,train,3700
3,train,3702
3,train,3703
3,train,3704
3,train,3705
3,train,3707
3,train,3708
3,train,3709
3,train,3710
3,train,3711
3,train,3712
3,train,3713
3,train,3714
3,train,3715
3,train,3716
3,train,3717
3,train,3719
3,train,3720
3,train,3721
3,train,3722
3,train,3723
3,train,3725
3,train,3726
3,train,3727
3,train,3728
3,train,3729
3,train,3730
3,train,3732
3,train,3735
3,train,3736
3,train,3737
3,train,3738
3,train,3739
3,train,3740
3,train,3741
3,train,3742
3,train,3743
3,train,3744
3,train,3745
3,train,3746
3,train,3747
3,train,3748
3,train,3750
3,train,3752
3,train,3753
3,train,3755
3,train,3757
3,train,3758
3,train,3759
3,train,3760
3,train,3762
3,train,3763
3,train,3764
3,train,3766
3,train,3767
3,train,3768
3,train,3769
3,train,3770
3,train,3771
3,train,3772
3,train,3773
3,train,3774
3,train,3777
3,train,3778
3,train,3779
3,train,3780
3,train,3781
3,train,3782
3,train,3783
3,train,3784
3,train,3786
3,train,3787
3,train,3788
3,train,3789
3,train,3790
3,train,3791
3,train,3793
3,train,3795
3,train,3796
3,train,3798
3,train,3800
3,train,3801
3,train,3802
3,train,3803
3,train,3804
3,train,3805
3,train,3806
3,train,3807
3,train,3808
3,train,3810
3,train,3811
3,train,3812
3,train,3813
3,train,3814
3,train,3815
3,train,3816
3,train,3817
3,train,3818
3,train,3821
3,train,3823
3,train,3825
3,train,3827
3,train,3829
3,train,3830
3,train,3831
3,train,3832
3,train,3834
3,train,3835
3,train,3837
3,train,3839
3,train,3840
3,train,3841
3,train,3842
3,train,3843
3,train,3844
3,train,3845
3,train,3846
3,train,3847
3,train,3848
3,train,3849
3,train,3850
3,train,3851
3,train,3853
3,train,3854
3,train,3857
3,train,3860
3,train,3861
3,train,3863
3,train,3864
3,train,3865
3,train,3867
3,train,3868
3,train,3870
3,train,3871
3,train,3872
3,train,3876
3,train,3878
3,train,3879
3,train,3881
3,train,3882
3,train,3884
3,train,3885
3,train,3887
3,train,3888
3,train,3889
3,train,3890
3,train,3891
3,train,3892
3,train,3893
3,train,3895
3,train,3898
3,train,3900
3,train,3901
3,train,3902
3,train,3903
3,train,3905
3,train,3906
3,train,3907
3,train,3908
3,train,3909
3,train,3910
3,train,3911
3,train,3912
3,train,3913
3,train,3914
3,train,3915
3,train,3916
3,train,3917
3,train,3919
3,train,3921
3,train,3922
3,train,3923
3,train,3924
3,train,3925
3,train,3927
3,train,3928
3,train,3929
3,train,3930
3,train,3931
3,train,3932
3,train,3933
3,train,3934
3,train,3935
3,train,3937
3,train,3939
3,train,3940
3,train,3941
3,train,3942
3,train,3943
3,train,3944
3,train,3945
3,train,3946
3,train,3947
3,train,3948
3,train,3950
3,train,3952
3,train,3953
3,train,3954
3,train,3955
3,train,3956
3,train,3957
3,train,3959
3,train,3960
3,train,3962
3,train,3963
3,train,3964
3,train,3965
3,train,3966
3,train,3967
3,train,3968
3,train,3969
3,train,3970
3,train,3971
3,train,3972
3,train,3973
3,train,3974
3,train,3977
3,train,3978
3,train,3980
3,train,3981
3,train,3982
3,train,3984
3,train,3985
3,train,3986
3,train,3987
3,train,3988
3,train,3989
3,train,3990
3,train,3991
3,train,3992
3,train,3993
3,train,3994
3,train,3995
3,train,3996
3,train,3997
3,train,3998
3,train,3999
3,train,4000
3,train,4001
3,train,4002
3,train,4003
3,train,4004
3,train,4005
3,train,4006
3,train,4007
3,train,4008
3,train,4010
3,train,4012
3,train,4013
3,train,4014
3,train,4015
3,train,4017
3,train,4018
3,train,4019
3,train,4020
3,train,4021
3,train,4023
3,train,4024
3,train,4025
3,train,4026
3,train,4027
3,train,4029
3,train,4030
3,train,4032
3,train,4034
3,train,4035
3,train,4036
3,train,4037
3,train,4038
3,train,4039
3,train,4040
3,train,4042
3,train,4043
3,train,4044
3,train,4045
3,train,4046
3,train,4047
3,train,4048
3,train,4049
3,train,4050
3,train,4051
3,train,4052
3,train,4053
3,train,4055
3,train,4056
3,train,4057
3,train,4058
3,train,4059
3,train,4060
3,train,4061
3,train,4062
3,train,4063
3,train,4064
3,train,4065
3,train,4066
3,train,4067
3,train,4068
3,train,4069
3,train,4070
3,train,4072
3,train,4074
3,train,4075
3,train,4077
3,train,4078
3,train,4080
3,train,4081
3,train,4082
3,train,4084
3,train,4085
3,train,4087
3,train,4088
3,train,4090
3,train,4091
3,train,4092
3,train,4093
3,train,4094
3,train,4095
3,train,4096
3,train,4097
3,train,4098
3,train,4099
3,train,4100
3,train,4101
3,train,4103
3,train,4104
3,train,4105
3,train,4106
3,train,4107
3,train,4108
3,train,4109
3,train,4110
3,train,4111
3,train,4112
3,train,4114
3,train,4115
3,train,4116
3,train,4117
3,train,4118
3,train,4119
3,train,4120
3,train,4121
3,train,4122
3,train,4123
3,train,4124
3,train,4125
3,train,4126
3,train,4129
3,train,4131
3,train,4132
3,train,4133
3,train,4136
3,train,4138
3,train,4140
3,train,4141
3,train,4142
3,train,4143
3,train,4144
3,train,4146
3,train,4147
3,train,4148
3,train,4150
3,train,4151
3,train,4153
3,train,4154
3,train,4155
3,train,4156
3,train,4158
3,train,4159
3,train,4160
3,train,4161
3,train,4163
3,train,4164
3,train,4165
3,train,4166
3,train,4167
3,train,4168
3,train,4169
3,train,4170
3,train,4171
3,train,4174
3,train,4175
3,train,4176
3,train,4177
3,train,4178
3,train,4179
3,train,4180
3,train,4182
3,train,4184
3,train,4185
3,train,4186
3,train,4188
3,train,4189
3,train,4191
3,train,4192
3,train,4193
3,train,4194
3,train,4196
3,train,4197
3,train,4198
3,train,4199
3,train,4200
3,train,4201
3,train,4203
3,train,4204
3,train,4205
3,train,4206
3,train,4207
3,train,4208
3,train,4209
3,train,4210
3,train,4212
3,train,4214
3,train,4216
3,train,4217
3,train,4218
3,train,4219
3,train,4221
3,train,4222
3,train,4223
3,train,4225
3,train,4226
3,train,4228
3,train,4229
3,train,4230
3,train,4231
3,train,4232
3,train,4234
3,train,4237
3,train,4238
3,train,4239
3,train,4240
3,train,4241
3,train,4242
3,train,4243
3,train,4244
3,train,4245
3,train,4246
3,train,4248
3,train,4250
3,train,4251
3,train,4252
3,train,4253
3,train,4257
3,train,4259
3,train,4260
3,train,4261
3,train,4262
3,train,4263
3,train,4265
3,train,4266
3,train,4267
3,train,4268
3,train,4269
3,train,4270
3,train,4271
3,train,4272
3,train,4273
3,train,4274
3,train,4275
3,train,4276
3,train,4278
3,train,4279
3,train,4280
3,train,4281
3,train,4282
3,train,4283
3,train,4284
3,train,4285
3,train,4286
3,train,4287
3,train,4289
3,train,4290
3,train,4291
3,train,4292
3,train,4293
3,train,4294
3,train,4295
3,train,4296
3,train,4297
3,train,4300
3,train,4301
3,train,4302
3,train,4303
3,train,4304
3,train,4305
3,train,4307
3,train,4311
3,train,4312
3,train,4313
3,train,4314
3,train,4316
3,train,4317
3,train,4319
3,train,4320
3,train,4321
3,train,4322
3,train,4323
3,train,4324
3,train,4325
3,train,4326
3,train,4327
3,train,4328
3,train,4329
3,train,4331
3,train,4332
3,train,4333
3,train,4335
3,train,4336
3,train,4339
3,train,4340
3,train,4341
3,train,4342
3,train,4343
3,train,4344
3,train,4345
3,train,4346
3,train,4347
3,train,4348
3,train,4349
3,train,4350
3,train,4351
3,train,4352
3,train,4354
3,train,4355
3,train,4356
3,train,4358
3,train,4359
3,train,4360
3,train,4361
3,train,4362
3,train,4363
3,train,4364
3,train,4365
3,train,4367
3,train,4370
3,train,4371
3,train,4373
3,train,4374
3,train,4375
3,train,4376
3,train,4377
3,train,4378
3,train,4379
3,train,4380
3,train,4384
3,train,4385
3,train,4386
3,train,4389
3,train,4390
3,train,4392
3,train,4393
3,train,4394
3,train,4395
3,train,4396
3,train,4398
3,train,4399
3,train,4400
3,train,4401
3,train,4403
3,train,4404
3,train,4405
3,train,4406
3,train,4407
3,train,4409
3,train,4411
3,train,4412
3,train,4413
3,train,4414
3,train,4415
3,train,4417
3,train,4418
3,train,4419
3,test,1
3,test,13
3,test,18
3,test,20
3,test,22
3,test,35
3,test,41
3,test,49
3,test,57
3,test,71
3,test,72
3,test,78
3,test,83
3,test,85
3,test,86
3,test,87
3,test,91
3,test,100
3,test,104
3,test,105
3,test,111
3,test,115
3,test,118
3,test,121
3,test,123
3,test,128
3,test,135
3,test,140
3,test,142
3,test,158
3,test,163
3,test,168
3,test,185
3,test,191
3,test,199
3,test,207
3,test,212
3,test,213
3,test,230
3,test,231
3,test,233
3,test,237
3,test,243
3,test,261
3,test,269
3,test,272
3,test,273
3,test,275
3,test,276
3,test,281
3,test,282
3,test,300
3,test,303
3,test,304
3,test,306
3,test,307
3,test,311
3,test,316
3,test,323
3,test,328
3,test,340
3,test,344
3,test,347
3,test,348
3,test,349
3,test,350
3,test,352
3,test,361
3,test,365
3,test,367
3,test,369
3,test,374
3,test,377
3,test,380
3,test,392
3,test,394
3,test,399
3,test,403
3,test,406
3,test,407
3,test,409
3,test,413
3,test,420
3,test,421
3,test,424
3,test,427
3,test,435
3,test,440
3,test,444
3,test,456
3,test,458
3,test,459
3,test,460
3,test,462
3,test,464
3,test,469
3,test,472
3,test,480
3,test,482
3,test,489
3,test,493
3,test,498
3,test,503
3,test,509
3,test,514
3,test,519
3,test,521
3,test,522
3,test,526
3,test,529
3,test,533
3,test,540
3,test,542
3,test,548
3,test,552
3,test,553
3,test,560
3,test,575
3,test,583
3,test,590
3,test,591
3,test,593
3,test,597
3,test,607
3,test,619
3,test,629
3,test,630
3,test,632
3,test,634
3,test,636
3,test,641
3,test,649
3,test,651
3,test,656
3,test,660
3,test,662
3,test,664
3,test,672
3,test,685
3,test,687
3,test,694
3,test,695
3,test,702
3,test,707
3,test,714
3,test,719
3,test,741
3,test,743
3,test,749
3,test,754
3,test,767
3,test,772
3,test,778
3,test,779
3,test,782
3,test,786
3,test,788
3,test,789
3,test,791
3,test,792
3,test,801
3,test,808
3,test,819
3,test,821
3,test,834
3,test,835
3,test,837
3,test,844
3,test,845
3,test,855
3,test,858
3,test,859
3,test,861
3,test,873
3,test,886
3,test,887
3,test,890
3,test,891
3,test,900
3,test,902
3,test,916
3,test,931
3,test,939
3,test,942
3,test,944
3,test,945
3,test,955
3,test,961
3,test,962
3,test,968
3,test,970
3,test,973
3,test,982
3,test,986
3,test,994
3,test,998
3,test,1000
3,test,1004
3,test,1005
3,test,1009
3,test,1014
3,test,1033
3,test,1036
3,test,1048
3,test,1050
3,test,1053
3,test,1058
3,test,1067
3,test,1072
3,test,1083
3,test,1087
3,test,1089
3,test,1093
3,test,1098
3,test,1100
3,test,1109
3,test,1125
3,test,1127
3,test,1133
3,test,1134
3,test,1142
3,test,1143
3,test,1151
3,test,1153
3,test,1177
3,test,1179
3,test,1190
3,test,1195
3,test,1196
3,test,1198
3,test,1206
3,test,1208
3,test,1229
3,test,1230
3,test,1232
3,test,1234
3,test,1236
3,test,1239
3,test,1241
3,test,1249
3,test,1251
3,test,1259
3,test,1266
3,test,1269
3,test,1271
3,test,1273
3,test,1284
3,test,1286
3,test,1294
3,test,1307
3,test,1310
3,test,1316
3,test,1317
3,test,1327
3,test,1328
3,test,1339
3,test,1343
3,test,1352
3,test,1354
3,test,1357
3,test,1359
3,test,1360
3,test,1364
3,test,1367
3,test,1368
3,test,1375
3,test,1376
3,test,1381
3,test,1382
3,test,1385
3,test,1399
3,test,1403
3,test,1405
3,test,1408
3,test,1410
3,test,1414
3,test,1420
3,test,1423
3,test,1425
3,test,1439
3,test,1441
3,test,1442
3,test,1443
3,test,1446
3,test,1447
3,test,1452
3,test,1459
3,test,1462
3,test,1465
3,test,1472
3,test,1475
3,test,1494
3,test,1496
3,test,1506
3,test,1511
3,test,1514
3,test,1518
3,test,1525
3,test,1530
3,test,1535
3,test,1546
3,test,1553
3,test,1559
3,test,1562
3,test,1567
3,test,1575
3,test,1576
3,test,1577
3,test,1579
3,test,1583
3,test,1584
3,test,1587
3,test,1601
3,test,1608
3,test,1613
3,test,1624
3,test,1628
3,test,1637
3,test,1638
3,test,1644
3,test,1653
3,test,1655
3,test,1656
3,test,1660
3,test,1661
3,test,1667
3,test,1671
3,test,1674
3,test,1677
3,test,1681
3,test,1688
3,test,1689
3,test,1695
3,test,1706
3,test,1709
3,test,1710
3,test,1712
3,test,1713
3,test,1725
3,test,1731
3,test,1735
3,test,1737
3,test,1742
3,test,1748
3,test,1754
3,test,1756
3,test,1763
3,test,1764
3,test,1766
3,test,1768
3,test,1787
3,test,1791
3,test,1795
3,test,1797
3,test,1798
3,test,1801
3,test,1805
3,test,1809
3,test,1811
3,test,1820
3,test,1825
3,test,1826
3,test,1847
3,test,1849
3,test,1850
3,test,1866
3,test,1878
3,test,1882
3,test,1883
3,test,1884
3,test,1916
3,test,1922
3,test,1925
3,test,1927
3,test,1936
3,test,1937
3,test,1940
3,test,1947
3,test,1948
3,test,1949
3,test,1950
3,test,1951
3,test,1953
3,test,1956
3,test,1960
3,test,1963
3,test,1971
3,test,1977
3,test,1978
3,test,1979
3,test,1980
3,test,1987
3,test,1992
3,test,1993
3,test,1999
3,test,2002
3,test,2003
3,test,2008
3,test,2009
3,test,2010
3,test,2013
3,test,2020
3,test,2031
3,test,2034
3,test,2037
3,test,2043
3,test,2044
3,test,2045
3,test,2046
3,test,2057
3,test,2063
3,test,2066
3,test,2068
3,test,2069
3,test,2071
3,test,2078
3,test,2085
3,test,2095
3,test,2102
3,test,2104
3,test,2110
3,test,2111
3,test,2113
3,test,2132
3,test,2140
3,test,2147
3,test,2149
3,test,2163
3,test,2166
3,test,2167
3,test,2169
3,test,2171
3,test,2178
3,test,2182
3,test,2189
3,test,2194
3,test,2195
3,test,2196
3,test,2199
3,test,2206
3,test,2211
3,test,2212
3,test,2216
3,test,2218
3,test,2226
3,test,2229
3,test,2232
3,test,2241
3,test,2246
3,test,2249
3,test,2251
3,test,2253
3,test,2256
3,test,2260
3,test,2267
3,test,2270
3,test,2272
3,test,2274
3,test,2277
3,test,2284
3,test,2287
3,test,2288
3,test,2289
3,test,2290
3,test,2299
3,test,2303
3,test,2310
3,test,2311
3,test,2323
3,test,2329
3,test,2334
3,test,2335
3,test,2340
3,test,2350
3,test,2352
3,test,2356
3,test,2367
3,test,2370
3,test,2377
3,test,2381
3,test,2387
3,test,2399
3,test,2405
3,test,2409
3,test,2413
3,test,2416
3,test,2417
3,test,2423
3,test,2425
3,test,2430
3,test,2450
3,test,2451
3,test,2452
3,test,2476
3,test,2477
3,test,2488
3,test,2494
3,test,2496
3,test,2499
3,test,2515
3,test,2517
3,test,2522
3,test,2530
3,test,2535
3,test,2536
3,test,2543
3,test,2548
3,test,2550
3,test,2559
3,test,2561
3,test,2577
3,test,2579
3,test,2585
3,test,2586
3,test,2587
3,test,2591
3,test,2594
3,test,2596
3,test,2598
3,test,2600
3,test,2607
3,test,2610
3,test,2619
3,test,2622
3,test,2623
3,test,2630
3,test,2649
3,test,2650
3,test,2651
3,test,2654
3,test,2658
3,test,2662
3,test,2666
3,test,2669
3,test,2672
3,test,2676
3,test,2678
3,test,2688
3,test,2689
3,test,2691
3,test,2696
3,test,2697
3,test,2700
3,test,2704
3,test,2706
3,test,2707
3,test,2714
3,test,2715
3,test,2722
3,test,2742
3,test,2743
3,test,2748
3,test,2749
3,test,2750
3,test,2754
3,test,2758
3,test,2770
3,test,2776
3,test,2778
3,test,2781
3,test,2784
3,test,2787
3,test,2793
3,test,2796
3,test,2803
3,test,2807
3,test,2813
3,test,2817
3,test,2821
3,test,2823
3,test,2828
3,test,2829
3,test,2850
3,test,2855
3,test,2876
3,test,2877
3,test,2880
3,test,2882
3,test,2887
3,test,2893
3,test,2899
3,test,2915
3,test,2921
3,test,2926
3,test,2927
3,test,2932
3,test,2936
3,test,2939
3,test,2940
3,test,2949
3,test,2952
3,test,2955
3,test,2977
3,test,2978
3,test,2990
3,test,2991
3,test,2996
3,test,2997
3,test,3000
3,test,3001
3,test,3003
3,test,3007
3,test,3008
3,test,3010
3,test,3020
3,test,3023
3,test,3029
3,test,3034
3,test,3041
3,test,3046
3,test,3047
3,test,3049
3,test,3053
3,test,3062
3,test,3071
3,test,3082
3,test,3089
3,test,3098
3,test,3101
3,test,3103
3,test,3116
3,test,3123
3,test,3129
3,test,3130
3,test,3159
3,test,3161
3,test,3163
3,test,3168
3,test,3178
3,test,3181
3,test,3189
3,test,3192
3,test,3195
3,test,3199
3,test,3200
3,test,3206
3,test,3211
3,test,3214
3,test,3223
3,test,3229
3,test,3232
3,test,3233
3,test,3239
3,test,3240
3,test,3244
3,test,3253
3,test,3263
3,test,3265
3,test,3271
3,test,3273
3,test,3292
3,test,3295
3,test,3296
3,test,3298
3,test,3299
3,test,3303
3,test,3305
3,test,3307
3,test,3310
3,test,3311
3,test,3319
3,test,3338
3,test,3346
3,test,3351
3,test,3361
3,test,3362
3,test,3363
3,test,3370
3,test,3380
3,test,3383
3,test,3384
3,test,3386
3,test,3390
3,test,3392
3,test,3400
3,test,3401
3,test,3405
3,test,3410
3,test,3415
3,test,3425
3,test,3435
3,test,3450
3,test,3459
3,test,3460
3,test,3462
3,test,3469
3,test,3471
3,test,3477
3,test,3483
3,test,3485
3,test,3487
3,test,3490
3,test,3492
3,test,3495
3,test,3497
3,test,3500
3,test,3504
3,test,3511
3,test,3513
3,test,3515
3,test,3517
3,test,3518
3,test,3523
3,test,3524
3,test,3527
3,test,3530
3,test,3533
3,test,3535
3,test,3537
3,test,3538
3,test,3542
3,test,3545
3,test,3547
3,test,3551
3,test,3557
3,test,3562
3,test,3564
3,test,3565
3,test,3568
3,test,3575
3,test,3585
3,test,3595
3,test,3598
3,test,3599
3,test,3603
3,test,3607
3,test,3608
3,test,3609
3,test,3621
3,test,3646
3,test,3662
3,test,3669
3,test,3671
3,test,3674
3,test,3679
3,test,3680
3,test,3701
3,test,3706
3,test,3718
3,test,3724
3,test,3731
3,test,3733
3,test,3734
3,test,3749
3,test,3751
3,test,3754
3,test,3756
3,test,3761
3,test,3765
3,test,3775
3,test,3776
3,test,3785
3,test,3792
3,test,3794
3,test,3797
3,test,3799
3,test,3809
3,test,3819
3,test,3820
3,test,3822
3,test,3824
3,test,3826
3,test,3828
3,test,3833
3,test,3836
3,test,3838
3,test,3852
3,test,3855
3,test,3856
3,test,3858
3,test,3859
3,test,3862
3,test,3866
3,test,3869
3,test,3873
3,test,3874
3,test,3875
3,test,3877
3,test,3880
3,test,3883
3,test,3886
3,test,3894
3,test,3896
3,test,3897
3,test,3899
3,test,3904
3,test,3918
3,test,3920
3,test,3926
3,test,3936
3,test,3938
3,test,3949
3,test,3951
3,test,3958
3,test,3961
3,test,3975
3,test,3976
3,test,3979
3,test,3983
3,test,4009
3,test,4011
3,test,4016
3,test,4022
3,test,4028
3,test,4031
3,test,4033
3,test,4041
3,test,4054
3,test,4071
3,test,4073
3,test,4076
3,test,4079
3,test,4083
3,test,4086
3,test,4089
3,test,4102
3,test,4113
3,test,4127
3,test,4128
3,test,4130
3,test,4134
3,test,4135
3,test,4137
3,test,4139
3,test,4145
3,test,4149
3,test,4152
3,test,4157
3,test,4162
3,test,4172
3,test,4173
3,test,4181
3,test,4183
3,test,4187
3,test,4190
3,test,4195
3,test,4202
3,test,4211
3,test,4213
3,test,4215
3,test,4220
3,test,4224
3,test,4227
3,test,4233
3,test,4235
3,test,4236
3,test,4247
3,test,4249
3,test,4254
3,test,4255
3,test,4256
3,test,4258
3,test,4264
3,test,4277
3,test,4288
3,test,4298
3,test,4299
3,test,4306
3,test,4308
3,test,4309
3,test,4310
3,test,4315
3,test,4318
3,test,4330
3,test,4334
3,test,4337
3,test,4338
3,test,4353
3,test,4357
3,test,4366
3,test,4368
3,test,4369
3,test,4372
3,test,4381
3,test,4382
3,test,4383
3,test,4387
3,test,4388
3,test,4391
3,test,4397
3,test,4402
3,test,4408
3,test,4410
3,test,4416
4,train,0
4,train,1
4,train,4
4,train,6
4,train,7
4,train,8
4,train,9
4,train,11
4,train,12
4,train,13
4,train,14
4,train,16
4,train,17
4,train,18
4,train,19
4,train,20
4,train,22
4,train,23
4,train,25
4,train,26
4,train,29
4,train,30
4,train,31
4,train,32
4,train,33
4,train,34
4,train,35
4,train,36
4,train,38
4,train,40
4,train,41
4,train,42
4,train,43
4,train,44
4,train,45
4,train,47
4,train,48
4,train,49
4,train,50
4,train,51
4,train,52
4,train,56
4,train,57
4,train,58
4,train,59
4,train,60
4,train,61
4,train,62
4,train,63
4,train,64
4,train,65
4,train,67
4,train,68
4,train,69
4,train,70
4,train,71
4,train,72
4,train,73
4,train,75
4,train,76
4,train,78
4,train,79
4,train,80
4,train,82
4,train,83
4,train,84
4,train,85
4,train,86
4,train,87
4,train,88
4,train,89
4,train,90
4,train,91
4,train,92
4,train,93
4,train,95
4,train,96
4,train,98
4,train,99
4,train,100
4,train,102
4,train,103
4,train,104
4,train,105
4,train,106
4,train,108
4,train,109
4,train,111
4,train,113
4,train,114
4,train,115
4,train,116
4,train,118
4,train,119
4,train,120
4,train,121
4,train,122
4,train,123
4,train,124
4,train,127
4,train,128
4,train,130
4,train,132
4,train,133
4,train,134
4,train,135
4,train,137
4,train,139
4,train,140
4,train,141
4,train,142
4,train,143
4,train,144
4,train,146
4,train,149
4,train,150
4,train,151
4,train,152
4,train,153
4,train,154
4,train,155
4,train,156
4,train,157
4,train,158
4,train,160
4,train,161
4,train,162
4,train,163
4,train,165
4,train,166
4,train,168
4,train,170
4,train,172
4,train,173
4,train,174
4,train,175
4,train,176
4,train,177
4,train,178
4,train,179
4,train,180
4,train,183
4,train,184
4,train,185
4,train,187
4,train,188
4,train,189
4,train,190
4,train,191
4,train,192
4,train,194
4,train,195
4,train,196
4,train,197
4,train,198
4,train,199
4,train,200
4,train,202
4,train,203
4,train,204
4,train,205
4,train,206
4,train,207
4,train,208
4,train,209
4,train,210
4,train,211
4,train,212
4,train,213
4,train,214
4,train,216
4,train,217
4,train,218
4,train,219
4,train,220
4,train,221
4,train,222
4,train,223
4,train,225
4,train,226
4,train,227
4,train,229
4,train,230
4,train,231
4,train,233
4,train,234
4,train,235
4,train,237
4,train,238
4,train,239
4,train,240
4,train,241
4,train,243
4,train,245
4,train,246
4,train,247
4,train,248
4,train,249
4,train,251
4,train,252
4,train,253
4,train,254
4,train,255
4,train,256
4,train,257
4,train,258
4,train,259
4,train,261
4,train,262
4,train,263
4,train,264
4,train,266
4,train,267
4,train,268
4,train,269
4,train,270
4,train,272
4,train,273
4,train,274
4,train,275
4,train,276
4,train,278
4,train,279
4,train,280
4,train,281
4,train,282
4,train,283
4,train,284
4,train,286
4,train,287
4,train,288
4,train,289
4,train,290
4,train,291
4,train,293
4,train,295
4,train,296
4,train,297
4,train,298
4,train,299
4,train,300
4,train,301
4,train,303
4,train,304
4,train,305
4,train,306
4,train,307
4,train,308
4,train,309
4,train,311
4,train,313
4,train,314
4,train,315
4,train,316
4,train,318
4,train,321
4,train,322
4,train,323
4,train,324
4,train,325
4,train,328
4,train,330
4,train,331
4,train,332
4,train,335
4,train,336
4,train,337
4,train,340
4,train,342
4,train,343
4,train,344
4,train,346
4,train,347
4,train,348
4,train,349
4,train,350
4,train,351
4,train,352
4,train,353
4,train,354
4,train,356
4,train,357
4,train,358
4,train,359
4,train,360
4,train,361
4,train,365
4,train,366
4,train,367
4,train,368
4,train,369
4,train,370
4,train,371
4,train,372
4,train,373
4,train,374
4,train,376
4,train,377
4,train,378
4,train,379
4,train,380
4,train,381
4,train,382
4,train,383
4,train,384
4,train,386
4,train,387
4,train,388
4,train,389
4,train,391
4,train,392
4,train,393
4,train,394
4,train,395
4,train,396
4,train,397
4,train,399
4,train,402
4,train,403
4,train,404
4,train,406
4,train,407
4,train,408
4,train,409
4,train,410
4,train,411
4,train,412
4,train,413
4,train,414
4,train,415
4,train,416
4,train,417
4,train,418
4,train,420
4,train,421
4,train,422
4,train,423
4,train,424
4,train,426
4,train,427
4,train,429
4,train,430
4,train,432
4,train,433
4,train,434
4,train,435
4,train,436
4,train,437
4,train,438
4,train,439
4,train,440
4,train,442
4,train,443
4,train,444
4,train,445
4,train,446
4,train,448
4,train,449
4,train,450
4,train,452
4,train,455
4,train,456
4,train,457
4,train,458
4,train,459
4,train,460
4,train,461
4,train,462
4,train,463
4,train,464
4,train,465
4,train,466
4,train,468
4,train,469
4,train,470
4,train,471
4,train,472
4,train,474
4,train,475
4,train,478
4,train,479
4,train,480
4,train,482
4,train,485
4,train,486
4,train,487
4,train,488
4,train,489
4,train,490
4,train,491
4,train,492
4,train,493
4,train,494
4,train,495
4,train,496
4,train,497
4,train,498
4,train,499
4,train,500
4,train,501
4,train,502
4,train,503
4,train,504
4,train,505
4,train,506
4,train,507
4,train,508
4,train,509
4,train,510
4,train,511
4,train,512
4,train,514
4,train,515
4,train,517
4,train,518
4,train,519
4,train,521
4,train,522
4,train,523
4,train,524
4,train,526
4,train,527
4,train,528
4,train,529
4,train,530
4,train,532
4,train,533
4,train,534
4,train,535
4,train,537
4,train,538
4,train,539
4,train,540
4,train,541
4,train,542
4,train,543
4,train,544
4,train,546
4,train,547
4,train,548
4,train,549
4,train,550
4,train,551
4,train,552
4,train,553
4,train,554
4,train,555
4,train,557
4,train,559
4,train,560
4,train,561
4,train,562
4,train,563
4,train,564
4,train,565
4,train,567
4,train,568
4,train,569
4,train,570
4,train,572
4,train,573
4,train,574
4,train,575
4,train,576
4,train,577
4,train,578
4,train,580
4,train,581
4,train,582
4,train,583
4,train,584
4,train,586
4,train,589
4,train,590
4,train,591
4,train,593
4,train,594
4,train,595
4,train,596
4,train,597
4,train,598
4,train,599
4,train,600
4,train,601
4,train,602
4,train,603
4,train,604
4,train,605
4,train,606
4,train,607
4,train,608
4,train,610
4,train,611
4,train,612
4,train,613
4,train,616
4,train,617
4,train,618
4,train,619
4,train,620
4,train,621
4,train,623
4,train,625
4,train,626
4,train,627
4,train,629
4,train,630
4,train,631
4,train,632
4,train,633
4,train,634
4,train,635
4,train,636
4,train,637
4,train,639
4,train,640
4,train,641
4,train,642
4,train,643
4,train,644
4,train,646
4,train,647
4,train,648
4,train,649
4,train,650
4,train,651
4,train,652
4,train,654
4,train,655
4,train,656
4,train,657
4,train,658
4,train,659
4,train,660
4,train,662
4,train,663
4,train,664
4,train,665
4,train,666
4,train,667
4,train,668
4,train,669
4,train,670
4,train,671
4,train,672
4,train,673
4,train,675
4,train,676
4,train,677
4,train,678
4,train,679
4,train,680
4,train,681
4,train,682
4,train,683
4,train,684
4,train,685
4,train,687
4,train,688
4,train,690
4,train,691
4,train,693
4,train,694
4,train,695
4,train,697
4,train,698
4,train,699
4,train,700
4,train,702
4,train,703
4,train,705
4,train,707
4,train,708
4,train,709
4,train,712
4,train,713
4,train,714
4,train,716
4,train,717
4,train,718
4,train,719
4,train,720
4,train,721
4,train,727
4,train,728
4,train,729
4,train,731
4,train,732
4,train,733
4,train,734
4,train,736
4,train,739
4,train,740
4,train,741
4,train,742
4,train,743
4,train,744
4,train,746
4,train,748
4,train,749
4,train,750
4,train,751
4,train,752
4,train,753
4,train,754
4,train,755
4,train,756
4,train,758
4,train,759
4,train,760
4,train,761
4,train,762
4,train,763
4,train,764
4,train,765
4,train,766
4,train,767
4,train,769
4,train,770
4,train,772
4,train,773
4,train,775
4,train,776
4,train,778
4,train,779
4,train,781
4,train,782
4,train,783
4,train,784
4,train,785
4,train,786
4,train,787
4,train,788
4,train,789
4,train,790
4,train,791
4,train,792
4,train,794
4,train,796
4,train,797
4,train,798
4,train,800
4,train,801
4,train,802
4,train,803
4,train,804
4,train,805
4,train,807
4,train,808
4,train,809
4,train,810
4,train,811
4,train,812
4,train,814
4,train,815
4,train,816
4,train,817
4,train,818
4,train,819
4,train,821
4,train,823
4,train,825
4,train,828
4,train,829
4,train,830
4,train,831
4,train,833
4,train,834
4,train,835
4,train,836
4,train,837
4,train,838
4,train,839
4,train,840
4,train,841
4,train,842
4,train,843
4,train,844
4,train,845
4,train,847
4,train,850
4,train,851
4,train,852
4,train,853
4,train,854
4,train,855
4,train,856
4,train,857
4,train,858
4,train,859
4,train,860
4,train,861
4,train,862
4,train,863
4,train,864
4,train,865
4,train,866
4,train,867
4,train,868
4,train,869
4,train,870
4,train,871
4,train,872
4,train,873
4,train,874
4,train,876
4,train,877
4,train,878
4,train,879
4,train,880
4,train,881
4,train,883
4,train,884
4,train,886
4,train,887
4,train,888
4,train,889
4,train,890
4,train,891
4,train,893
4,train,894
4,train,895
4,train,896
4,train,897
4,train,898
4,train,899
4,train,900
4,train,902
4,train,903
4,train,905
4,train,907
4,train,908
4,train,910
4,train,911
4,train,912
4,train,915
4,train,916
4,train,921
4,train,923
4,train,924
4,train,925
4,train,926
4,train,927
4,train,928
4,train,929
4,train,930
4,train,931
4,train,932
4,train,933
4,train,937
4,train,939
4,train,940
4,train,941
4,train,942
4,train,944
4,train,945
4,train,948
4,train,949
4,train,952
4,train,953
4,train,954
4,train,955
4,train,956
4,train,957
4,train,958
4,train,959
4,train,960
4,train,961
4,train,962
4,train,964
4,train,965
4,train,967
4,train,968
4,train,969
4,train,970
4,train,971
4,train,973
4,train,975
4,train,976
4,train,977
4,train,978
4,train,979
4,train,980
4,train,981
4,train,982
4,train,985
4,train,986
4,train,990
4,train,991
4,train,994
4,train,995
4,train,996
4,train,997
4,train,998
4,train,999
4,train,1000
4,train,1001
4,train,1003
4,train,1004
4,train,1005
4,train,1006
4,train,1008
4,train,1009
4,train,1010
4,train,1011
4,train,1012
4,train,1014
4,train,1015
4,train,1016
4,train,1017
4,train,1018
4,train,1019
4,train,1020
4,train,1021
4,train,1022
4,train,1023
4,train,1024
4,train,1025
4,train,1027
4,train,1028
4,train,1029
4,train,1031
4,train,1032
4,train,1033
4,train,1034
4,train,1035
4,train,1036
4,train,1037
4,train,1038
4,train,1041
4,train,1042
4,train,1044
4,train,1045
4,train,1047
4,train,1048
4,train,1049
4,train,1050
4,train,1051
4,train,1052
4,train,1053
4,train,1055
4,train,1056
4,train,1057
4,train,1058
4,train,1059
4,train,1060
4,train,1061
4,train,1062
4,train,1064
4,train,1065
4,train,1066
4,train,1067
4,train,1068
4,train,1069
4,train,1070
4,train,1071
4,train,1072
4,train,1073
4,train,1074
4,train,1075
4,train,1076
4,train,1077
4,train,1078
4,train,1079
4,train,1080
4,train,1081
4,train,1082
4,train,1083
4,train,1084
4,train,1087
4,train,1088
4,train,1089
4,train,1090
4,train,1091
4,train,1092
4,train,1093
4,train,1094
4,train,1095
4,train,1096
4,train,1097
4,train,1098
4,train,1099
4,train,1100
4,train,1101
4,train,1102
4,train,1103
4,train,1104
4,train,1105
4,train,1106
4,train,1108
4,train,1109
4,train,1110
4,train,1113
4,train,1114
4,train,1115
4,train,1116
4,train,1117
4,train,1119
4,train,1122
4,train,1123
4,train,1124
4,train,1125
4,train,1126
4,train,1127
4,train,1128
4,train,1129
4,train,1130
4,train,1132
4,train,1133
4,train,1134
4,train,1135
4,train,1138
4,train,1139
4,train,1140
4,train,1142
4,train,1143
4,train,1144
4,train,1145
4,train,1146
4,train,1147
4,train,1148
4,train,1149
4,train,1150
4,train,1151
4,train,1152
4,train,1153
4,train,1154
4,train,1155
4,train,1156
4,train,1157
4,train,1158
4,train,1159
4,train,1161
4,train,1162
4,train,1163
4,train,1164
4,train,1166
4,train,1167
4,train,1168
4,train,1170
4,train,1171
4,train,1172
4,train,1173
4,train,1174
4,train,1175
4,train,1176
4,train,1177
4,train,1178
4,train,1179
4,train,1180
4,train,1181
4,train,1183
4,train,1184
4,train,1185
4,train,1186
4,train,1187
4,train,1188
4,train,1189
4,train,1190
4,train,1191
4,train,1192
4,train,1195
4,train,1196
4,train,1197
4,train,1198
4,train,1200
4,train,1204
4,train,1205
4,train,1206
4,train,1207
4,train,1208
4,train,1209
4,train,1210
4,train,1211
4,train,1212
4,train,1213
4,train,1214
4,train,1216
4,train,1217
4,train,1218
4,train,1220
4,train,1221
4,train,1222
4,train,1224
4,train,1225
4,train,1226
4,train,1227
4,train,1228
4,train,1229
4,train,1230
4,train,1231
4,train,1232
4,train,1233
4,train,1234
4,train,1235
4,train,1236
4,train,1237
4,train,1238
4,train,1239
4,train,1240
4,train,1241
4,train,1242
4,train,1243
4,train,1244
4,train,1249
4,train,1250
4,train,1251
4,train,1252
4,train,1253
4,train,1255
4,train,1256
4,train,1257
4,train,1258
4,train,1259
4,train,1260
4,train,1261
4,train,1262
4,train,1263
4,train,1264
4,train,1266
4,train,1267
4,train,1268
4,train,1269
4,train,1270
4,train,1271
4,train,1272
4,train,1273
4,train,1275
4,train,1278
4,train,1280
4,train,1281
4,train,1282
4,train,1283
4,train,1284
4,train,1286
4,train,1288
4,train,1289
4,train,1291
4,train,1292
4,train,1293
4,train,1294
4,train,1295
4,train,1296
4,train,1298
4,train,1299
4,train,1300
4,train,1302
4,train,1306
4,train,1307
4,train,1309
4,train,1310
4,train,1312
4,train,1313
4,train,1315
4,train,1316
4,train,1317
4,train,1320
4,train,1321
4,train,1322
4,train,1323
4,train,1324
4,train,1326
4,train,1327
4,train,1328
4,train,1329
4,train,1330
4,train,1331
4,train,1334
4,train,1336
4,train,1337
4,train,1338
4,train,1339
4,train,1340
4,train,1343
4,train,1344
4,train,1345
4,train,1348
4,train,1350
4,train,1351
4,train,1352
4,train,1353
4,train,1354
4,train,1356
4,train,1357
4,train,1358
4,train,1359
4,train,1360
4,train,1361
4,train,1362
4,train,1363
4,train,1364
4,train,1365
4,train,1366
4,train,1367
4,train,1368
4,train,1369
4,train,1370
4,train,1371
4,train,1373
4,train,1374
4,train,1375
4,train,1376
4,train,1377
4,train,1378
4,train,1381
4,train,1382
4,train,1384
4,train,1385
4,train,1388
4,train,1390
4,train,1391
4,train,1392
4,train,1393
4,train,1395
4,train,1396
4,train,1397
4,train,1398
4,train,1399
4,train,1400
4,train,1402
4,train,1403
4,train,1404
4,train,1405
4,train,1406
4,train,1407
4,train,1408
4,train,1409
4,train,1410
4,train,1411
4,train,1412
4,train,1413
4,train,1414
4,train,1416
4,train,1417
4,train,1419
4,train,1420
4,train,1421
4,train,1422
4,train,1423
4,train,1424
4,train,1425
4,train,1426
4,train,1427
4,train,1428
4,train,1429
4,train,1431
4,train,1432
4,train,1434
4,train,1436
4,train,1437
4,train,1438
4,train,1439
4,train,1440
4,train,1441
4,train,1442
4,train,1443
4,train,1444
4,train,1445
4,train,1446
4,train,1447
4,train,1448
4,train,1450
4,train,1451
4,train,1452
4,train,1454
4,train,1455
4,train,1456
4,train,1457
4,train,1459
4,train,1460
4,train,1461
4,train,1462
4,train,1465
4,train,1467
4,train,1468
4,train,1469
4,train,1470
4,train,1472
4,train,1473
4,train,1474
4,train,1475
4,train,1476
4,train,1477
4,train,1478
4,train,1479
4,train,1480
4,train,1482
4,train,1483
4,train,1484
4,train,1485
4,train,1487
4,train,1488
4,train,1489
4,train,1490
4,train,1491
4,train,1492
4,train,1494
4,train,1495
4,train,1496
4,train,1497
4,train,1498
4,train,1499
4,train,1500
4,train,1501
4,train,1502
4,train,1503
4,train,1504
4,train,1505
4,train,1506
4,train,1507
4,train,1509
4,train,1510
4,train,1511
4,train,1512
4,train,1513
4,train,1514
4,train,1515
4,train,1516
4,train,1517
4,train,1518
4,train,1519
4,train,1522
4,train,1525
4,train,1527
4,train,1528
4,train,1529
4,train,1530
4,train,1531
4,train,1532
4,train,1533
4,train,1534
4,train,1535
4,train,1536
4,train,1537
4,train,1538
4,train,1539
4,train,1540
4,train,1542
4,train,1543
4,train,1545
4,train,1546
4,train,1548
4,train,1549
4,train,1550
4,train,1551
4,train,1552
4,train,1553
4,train,1554
4,train,1555
4,train,1556
4,train,1557
4,train,1558
4,train,1559
4,train,1562
4,train,1563
4,train,1564
4,train,1565
4,train,1566
4,train,1567
4,train,1568
4,train,1569
4,train,1570
4,train,1571
4,train,1572
4,train,1574
4,train,1575
4,train,1576
4,train,1577
4,train,1578
4,train,1579
4,train,1580
4,train,1581
4,train,1582
4,train,1583
4,train,1584
4,train,1585
4,train,1586
4,train,1587
4,train,1588
4,train,1589
4,train,1590
4,train,1592
4,train,1593
4,train,1595
4,train,1597
4,train,1598
4,train,1600
4,train,1601
4,train,1602
4,train,1606
4,train,1608
4,train,1609
4,train,1610
4,train,1611
4,train,1612
4,train,1613
4,train,1614
4,train,1615
4,train,1616
4,train,1617
4,train,1618
4,train,1620
4,train,1621
4,train,1623
4,train,1624
4,train,1625
4,train,1626
4,train,1627
4,train,1628
4,train,1630
4,train,1631
4,train,1632
4,train,1633
4,train,1634
4,train,1635
4,train,1636
4,train,1637
4,train,1638
4,train,1641
4,train,1642
4,train,1643
4,train,1644
4,train,1647
4,train,1648
4,train,1649
4,train,1650
4,train,1651
4,train,1652
4,train,1653
4,train,1655
4,train,1656
4,train,1657
4,train,1659
4,train,1660
4,train,1661
4,train,1662
4,train,1663
4,train,1664
4,train,1665
4,train,1666
4,train,1667
4,train,1668
4,train,1670
4,train,1671
4,train,1672
4,train,1674
4,train,1675
4,train,1676
4,train,1677
4,train,1678
4,train,1679
4,train,1680
4,train,1681
4,train,1682
4,train,1683
4,train,1684
4,train,1685
4,train,1686
4,train,1687
4,train,1688
4,train,1689
4,train,1691
4,train,1693
4,train,1694
4,train,1695
4,train,1696
4,train,1697
4,train,1698
4,train,1699
4,train,1702
4,train,1703
4,train,1705
4,train,1706
4,train,1707
4,train,1709
4,train,1710
4,train,1712
4,train,1713
4,train,1714
4,train,1715
4,train,1717
4,train,1718
4,train,1719
4,train,1720
4,train,1721
4,train,1722
4,train,1723
4,train,1725
4,train,1726
4,train,1727
4,train,1728
4,train,1729
4,train,1730
4,train,1731
4,train,1732
4,train,1733
4,train,1734
4,train,1735
4,train,1736
4,train,1737
4,train,1738
4,train,1739
4,train,1740
4,train,1741
4,train,1742
4,train,1743
4,train,1744
4,train,1745
4,train,1746
4,train,1747
4,train,1748
4,train,1749
4,train,1751
4,train,1752
4,train,1753
4,train,1754
4,train,1756
4,train,1757
4,train,1758
4,train,1760
4,train,1763
4,train,1764
4,train,1765
4,train,1766
4,train,1767
4,train,1768
4,train,1769
4,train,1770
4,train,1773
4,train,1775
4,train,1777
4,train,1778
4,train,1779
4,train,1780
4,train,1781
4,train,1782
4,train,1783
4,train,1784
4,train,1785
4,train,1786
4,train,1787
4,train,1788
4,train,1789
4,train,1791
4,train,1793
4,train,1794
4,train,1795
4,train,1797
4,train,1798
4,train,1800
4,train,1801
4,train,1802
4,train,1803
4,train,1805
4,train,1806
4,train,1807
4,train,1808
4,train,1809
4,train,1810
4,train,1811
4,train,1812
4,train,1813
4,train,1814
4,train,1815
4,train,1816
4,train,1818
4,train,1819
4,train,1820
4,train,1821
4,train,1822
4,train,1823
4,train,1824
4,train,1825
4,train,1826
4,train,1827
4,train,1829
4,train,1830
4,train,1831
4,train,1832
4,train,1833
4,train,1835
4,train,1836
4,train,1837
4,train,1838
4,train,1839
4,train,1840
4,train,1841
4,train,1842
4,train,1843
4,train,1844
4,train,1846
4,train,1847
4,train,1848
4,train,1849
4,train,1850
4,train,1852
4,train,1853
4,train,1856
4,train,1859
4,train,1860
4,train,1861
4,train,1862
4,train,1864
4,train,1866
4,train,1867
4,train,1869
4,train,1871
4,train,1872
4,train,1873
4,train,1874
4,train,1875
4,train,1876
4,train,1877
4,train,1878
4,train,1880
4,train,1881
4,train,1882
4,train,1883
4,train,1884
4,train,1885
4,train,1886
4,train,1887
4,train,1891
4,train,1892
4,train,1893
4,train,1894
4,train,1895
4,train,1896
4,train,1897
4,train,1898
4,train,1899
4,train,1901
4,train,1902
4,train,1903
4,train,1904
4,train,1905
4,train,1906
4,train,1907
4,train,1909
4,train,1910
4,train,1912
4,train,1915
4,train,1916
4,train,1918
4,train,1919
4,train,1921
4,train,1922
4,train,1923
4,train,1924
4,train,1925
4,train,1926
4,train,1927
4,train,1929
4,train,1930
4,train,1931
4,train,1935
4,train,1936
4,train,1937
4,train,1938
4,train,1940
4,train,1941
4,train,1944
4,train,1945
4,train,1946
4,train,1947
4,train,1948
4,train,1949
4,train,1950
4,train,1951
4,train,1952
4,train,1953
4,train,1954
4,train,1955
4,train,1956
4,train,1957
4,train,1958
4,train,1959
4,train,1960
4,train,1961
4,train,1962
4,train,1963
4,train,1964
4,train,1965
4,train,1966
4,train,1967
4,train,1968
4,train,1969
4,train,1971
4,train,1972
4,train,1973
4,train,1974
4,train,1977
4,train,1978
4,train,1979
4,train,1980
4,train,1981
4,train,1982
4,train,1983
4,train,1984
4,train,1986
4,train,1987
4,train,1988
4,train,1991
4,train,1992
4,train,1993
4,train,1994
4,train,1995
4,train,1996
4,train,1998
4,train,1999
4,train,2000
4,train,2002
4,train,2003
4,train,2004
4,train,2005
4,train,2008
4,train,2009
4,train,2010
4,train,2011
4,train,2013
4,train,2014
4,train,2015
4,train,2016
4,train,2017
4,train,2018
4,train,2019
4,train,2020
4,train,2022
4,train,2023
4,train,2024
4,train,2025
4,train,2027
4,train,2028
4,train,2029
4,train,2031
4,train,2034
4,train,2036
4,train,2037
4,train,2038
4,train,2041
4,train,2042
4,train,2043
4,train,2044
4,train,2045
4,train,2046
4,train,2047
4,train,2048
4,train,2049
4,train,2053
4,train,2055
4,train,2056
4,train,2057
4,train,2059
4,train,2061
4,train,2062
4,train,2063
4,train,2065
4,train,2066
4,train,2067
4,train,2068
4,train,2069
4,train,2070
4,train,2071
4,train,2073
4,train,2076
4,train,2077
4,train,2078
4,train,2080
4,train,2081
4,train,2082
4,train,2083
4,train,2085
4,train,2086
4,train,2088
4,train,2090
4,train,2091
4,train,2092
4,train,2093
4,train,2094
4,train,2095
4,train,2096
4,train,2097
4,train,2098
4,train,2099
4,train,2100
4,train,2101
4,train,2102
4,train,2103
4,train,2104
4,train,2105
4,train,2107
4,train,2109
4,train,2110
4,train,2111
4,train,2112
4,train,2113
4,train,2114
4,train,2115
4,train,2117
4,train,2118
4,train,2119
4,train,2121
4,train,2122
4,train,2123
4,train,2124
4,train,2127
4,train,2128
4,train,2130
4,train,2131
4,train,2132
4,train,2135
4,train,2138
4,train,2140
4,train,2141
4,train,2142
4,train,2143
4,train,2144
4,train,2145
4,train,2146
4,train,2147
4,train,2148
4,train,2149
4,train,2150
4,train,2152
4,train,2153
4,train,2154
4,train,2155
4,train,2156
4,train,2157
4,train,2158
4,train,2159
4,train,2160
4,train,2163
4,train,2164
4,train,2165
4,train,2166
4,train,2167
4,train,2168
4,train,2169
4,train,2170
4,train,2171
4,train,2172
4,train,2173
4,train,2174
4,train,2176
4,train,2177
4,train,2178
4,train,2179
4,train,2180
4,train,2181
4,train,2182
4,train,2183
4,train,2184
4,train,2185
4,train,2186
4,train,2189
4,train,2191
4,train,2193
4,train,2194
4,train,2195
4,train,2196
4,train,2197
4,train,2199
4,train,2200
4,train,2201
4,train,2202
4,train,2205
4,train,2206
4,train,2207
4,train,2208
4,train,2210
4,train,2211
4,train,2212
4,train,2213
4,train,2214
4,train,2215
4,train,2216
4,train,2217
4,train,2218
4,train,2220
4,train,2221
4,train,2222
4,train,2223
4,train,2224
4,train,2225
4,train,2226
4,train,2227
4,train,2228
4,train,2229
4,train,2230
4,train,2231
4,train,2232
4,train,2233
4,train,2236
4,train,2237
4,train,2238
4,train,2239
4,train,2240
4,train,2241
4,train,2242
4,train,2244
4,train,2245
4,train,2246
4,train,2247
4,train,2249
4,train,2250
4,train,2251
4,train,2252
4,train,2253
4,train,2254
4,train,2255
4,train,2256
4,train,2258
4,train,2259
4,train,2260
4,train,2261
4,train,2264
4,train,2265
4,train,2266
4,train,2267
4,train,2268
4,train,2269
4,train,2270
4,train,2272
4,train,2274
4,train,2276
4,train,2277
4,train,2278
4,train,2279
4,train,2280
4,train,2281
4,train,2282
4,train,2283
4,train,2284
4,train,2285
4,train,2286
4,train,2287
4,train,2288
4,train,2289
4,train,2290
4,train,2292
4,train,2293
4,train,2294
4,train,2295
4,train,2296
4,train,2297
4,train,2298
4,train,2299
4,train,2300
4,train,2301
4,train,2302
4,train,2303
4,train,2304
4,train,2305
4,train,2307
4,train,2309
4,train,2310
4,train,2311
4,train,2312
4,train,2313
4,train,2314
4,train,2316
4,train,2318
4,train,2319
4,train,2320
4,train,2321
4,train,2323
4,train,2325
4,train,2326
4,train,2327
4,train,2328
4,train,2329
4,train,2330
4,train,2331
4,train,2333
4,train,2334
4,train,2335
4,train,2337
4,train,2338
4,train,2339
4,train,2340
4,train,2341
4,train,2342
4,train,2344
4,train,2345
4,train,2346
4,train,2347
4,train,2348
4,train,2350
4,train,2351
4,train,2352
4,train,2354
4,train,2355
4,train,2356
4,train,2357
4,train,2358
4,train,2359
4,train,2361
4,train,2363
4,train,2364
4,train,2366
4,train,2367
4,train,2368
4,train,2369
4,train,2370
4,train,2372
4,train,2374
4,train,2377
4,train,2378
4,train,2379
4,train,2380
4,train,2381
4,train,2384
4,train,2385
4,train,2386
4,train,2387
4,train,2388
4,train,2389
4,train,2390
4,train,2391
4,train,2392
4,train,2393
4,train,2395
4,train,2397
4,train,2398
4,train,2399
4,train,2401
4,train,2402
4,train,2404
4,train,2405
4,train,2406
4,train,2407
4,train,2408
4,train,2409
4,train,2411
4,train,2413
4,train,2414
4,train,2415
4,train,2416
4,train,2417
4,train,2420
4,train,2422
4,train,2423
4,train,2425
4,train,2426
4,train,2427
4,train,2429
4,train,2430
4,train,2431
4,train,2432
4,train,2433
4,train,2434
4,train,2435
4,train,2436
4,train,2437
4,train,2439
4,train,2440
4,train,2441
4,train,2442
4,train,2444
4,train,2445
4,train,2446
4,train,2447
4,train,2448
4,train,2450
4,train,2451
4,train,2452
4,train,2453
4,train,2454
4,train,2455
4,train,2456
4,train,2457
4,train,2458
4,train,2459
4,train,2460
4,train,2462
4,train,2463
4,train,2464
4,train,2465
4,train,2468
4,train,2470
4,train,2471
4,train,2473
4,train,2474
4,train,2475
4,train,2476
4,train,2477
4,train,2478
4,train,2479
4,train,2480
4,train,2481
4,train,2482
4,train,2483
4,train,2484
4,train,2485
4,train,2486
4,train,2487
4,train,2488
4,train,2489
4,train,2491
4,train,2492
4,train,2493
4,train,2494
4,train,2495
4,train,2496
4,train,2497
4,train,2498
4,train,2499
4,train,2500
4,train,2501
4,train,2502
4,train,2503
4,train,2504
4,train,2505
4,train,2508
4,train,2509
4,train,2510
4,train,2511
4,train,2512
4,train,2515
4,train,2517
4,train,2518
4,train,2519
4,train,2520
4,train,2521
4,train,2522
4,train,2523
4,train,2524
4,train,2525
4,train,2526
4,train,2527
4,train,2528
4,train,2529
4,train,2530
4,train,2531
4,train,2532
4,train,2533
4,train,2534
4,train,2535
4,train,2536
4,train,2537
4,train,2539
4,train,2540
4,train,2542
4,train,2543
4,train,2545
4,train,2546
4,train,2547
4,train,2548
4,train,2549
4,train,2550
4,train,2552
4,train,2554
4,train,2555
4,train,2556
4,train,2557
4,train,2558
4,train,2559
4,train,2561
4,train,2562
4,train,2564
4,train,2565
4,train,2566
4,train,2567
4,train,2568
4,train,2569
4,train,2570
4,train,2572
4,train,2574
4,train,2575
4,train,2576
4,train,2577
4,train,2578
4,train,2579
4,train,2580
4,train,2581
4,train,2583
4,train,2584
4,train,2585
4,train,2586
4,train,2587
4,train,2588
4,train,2589
4,train,2591
4,train,2592
4,train,2593
4,train,2594
4,train,2596
4,train,2598
4,train,2600
4,train,2602
4,train,2603
4,train,2605
4,train,2606
4,train,2607
4,train,2609
4,train,2610
4,train,2612
4,train,2613
4,train,2614
4,train,2615
4,train,2616
4,train,2617
4,train,2619
4,train,2620
4,train,2622
4,train,2623
4,train,2625
4,train,2627
4,train,2628
4,train,2629
4,train,2630
4,train,2631
4,train,2633
4,train,2634
4,train,2635
4,train,2636
4,train,2638
4,train,2639
4,train,2640
4,train,2643
4,train,2644
4,train,2646
4,train,2647
4,train,2648
4,train,2649
4,train,2650
4,train,2651
4,train,2652
4,train,2653
4,train,2654
4,train,2655
4,train,2656
4,train,2658
4,train,2659
4,train,2660
4,train,2661
4,train,2662
4,train,2663
4,train,2664
4,train,2665
4,train,2666
4,train,2668
4,train,2669
4,train,2672
4,train,2673
4,train,2675
4,train,2676
4,train,2677
4,train,2678
4,train,2680
4,train,2681
4,train,2683
4,train,2684
4,train,2685
4,train,2686
4,train,2688
4,train,2689
4,train,2690
4,train,2691
4,train,2692
4,train,2693
4,train,2694
4,train,2695
4,train,2696
4,train,2697
4,train,2698
4,train,2699
4,train,2700
4,train,2701
4,train,2702
4,train,2703
4,train,2704
4,train,2705
4,train,2706
4,train,2707
4,train,2710
4,train,2714
4,train,2715
4,train,2716
4,train,2718
4,train,2719
4,train,2720
4,train,2721
4,train,2722
4,train,2723
4,train,2724
4,train,2725
4,train,2726
4,train,2727
4,train,2728
4,train,2729
4,train,2731
4,train,2732
4,train,2733
4,train,2734
4,train,2735
4,train,2737
4,train,2738
4,train,2740
4,train,2741
4,train,2742
4,train,2743
4,train,2744
4,train,2745
4,train,2747
4,train,2748
4,train,2749
4,train,2750
4,train,2751
4,train,2752
4,train,2753
4,train,2754
4,train,2755
4,train,2756
4,train,2757
4,train,2758
4,train,2759
4,train,2763
4,train,2764
4,train,2765
4,train,2767
4,train,2770
4,train,2771
4,train,2772
4,train,2773
4,train,2774
4,train,2775
4,train,2776
4,train,2777
4,train,2778
4,train,2779
4,train,2780
4,train,2781
4,train,2782
4,train,2783
4,train,2784
4,train,2785
4,train,2786
4,train,2787
4,train,2788
4,train,2789
4,train,2790
4,train,2792
4,train,2793
4,train,2794
4,train,2796
4,train,2798
4,train,2799
4,train,2801
4,train,2803
4,train,2804
4,train,2805
4,train,2806
4,train,2807
4,train,2808
4,train,2809
4,train,2810
4,train,2811
4,train,2812
4,train,2813
4,train,2814
4,train,2815
4,train,2816
4,train,2817
4,train,2818
4,train,2819
4,train,2820
4,train,2821
4,train,2822
4,train,2823
4,train,2824
4,train,2825
4,train,2827
4,train,2828
4,train,2829
4,train,2830
4,train,2831
4,train,2832
4,train,2833
4,train,2834
4,train,2835
4,train,2836
4,train,2837
4,train,2838
4,train,2839
4,train,2840
4,train,2841
4,train,2842
4,train,2843
4,train,2844
4,train,2845
4,train,2846
4,train,2848
4,train,2849
4,train,2850
4,train,2851
4,train,2853
4,train,2855
4,train,2856
4,train,2857
4,train,2860
4,train,2863
4,train,2865
4,train,2869
4,train,2870
4,train,2871
4,train,2874
4,train,2875
4,train,2876
4,train,2877
4,train,2878
4,train,2880
4,train,2881
4,train,2882
4,train,2884
4,train,2885
4,train,2886
4,train,2887
4,train,2888
4,train,2889
4,train,2893
4,train,2894
4,train,2895
4,train,2896
4,train,2897
4,train,2899
4,train,2900
4,train,2901
4,train,2902
4,train,2903
4,train,2904
4,train,2905
4,train,2906
4,train,2907
4,train,2908
4,train,2909
4,train,2911
4,train,2914
4,train,2915
4,train,2916
4,train,2917
4,train,2918
4,train,2919
4,train,2920
4,train,2921
4,train,2922
4,train,2923
4,train,2924
4,train,2925
4,train,2926
4,train,2927
4,train,2929
4,train,2930
4,train,2931
4,train,2932
4,train,2933
4,train,2934
4,train,2936
4,train,2937
4,train,2938
4,train,2939
4,train,2940
4,train,2941
4,train,2942
4,train,2944
4,train,2947
4,train,2948
4,train,2949
4,train,2950
4,train,2951
4,train,2952
4,train,2955
4,train,2956
4,train,2957
4,train,2959
4,train,2960
4,train,2961
4,train,2962
4,train,2964
4,train,2966
4,train,2967
4,train,2968
4,train,2970
4,train,2971
4,train,2973
4,train,2974
4,train,2975
4,train,2976
4,train,2977
4,train,2978
4,train,2979
4,train,2980
4,train,2982
4,train,2983
4,train,2986
4,train,2988
4,train,2990
4,train,2991
4,train,2992
4,train,2993
4,train,2995
4,train,2996
4,train,2997
4,train,2998
4,train,2999
4,train,3000
4,train,3001
4,train,3002
4,train,3003
4,train,3004
4,train,3005
4,train,3006
4,train,3007
4,train,3008
4,train,3009
4,train,3010
4,train,3012
4,train,3013
4,train,3014
4,train,3017
4,train,3018
4,train,3019
4,train,3020
4,train,3021
4,train,3022
4,train,3023
4,train,3024
4,train,3025
4,train,3026
4,train,3028
4,train,3029
4,train,3031
4,train,3032
4,train,3033
4,train,3034
4,train,3036
4,train,3037
4,train,3038
4,train,3039
4,train,3041
4,train,3042
4,train,3044
4,train,3045
4,train,3046
4,train,3047
4,train,3048
4,train,3049
4,train,3050
4,train,3051
4,train,3052
4,train,3053
4,train,3058
4,train,3059
4,train,3060
4,train,3061
4,train,3062
4,train,3064
4,train,3065
4,train,3066
4,train,3067
4,train,3068
4,train,3069
4,train,3070
4,train,3071
4,train,3072
4,train,3073
4,train,3074
4,train,3075
4,train,3076
4,train,3077
4,train,3078
4,train,3080
4,train,3081
4,train,3082
4,train,3083
4,train,3087
4,train,3088
4,train,3089
4,train,3090
4,train,3091
4,train,3092
4,train,3093
4,train,3094
4,train,3095
4,train,3096
4,train,3098
4,train,3099
4,train,3101
4,train,3102
4,train,3103
4,train,3104
4,train,3105
4,train,3106
4,train,3107
4,train,3108
4,train,3109
4,train,3111
4,train,3112
4,train,3113
4,train,3114
4,train,3115
4,train,3116
4,train,3117
4,train,3118
4,train,3119
4,train,3120
4,train,3121
4,train,3122
4,train,3123
4,train,3124
4,train,3125
4,train,3127
4,train,3128
4,train,3129
4,train,3130
4,train,3133
4,train,3134
4,train,3135
4,train,3136
4,train,3137
4,train,3138
4,train,3139
4,train,3140
4,train,3141
4,train,3143
4,train,3144
4,train,3145
4,train,3146
4,train,3147
4,train,3149
4,train,3150
4,train,3152
4,train,3153
4,train,3154
4,train,3155
4,train,3156
4,train,3157
4,train,3158
4,train,3159
4,train,3161
4,train,3162
4,train,3163
4,train,3164
4,train,3165
4,train,3166
4,train,3167
4,train,3168
4,train,3170
4,train,3171
4,train,3172
4,train,3174
4,train,3175
4,train,3176
4,train,3177
4,train,3178
4,train,3179
4,train,3181
4,train,3182
4,train,3183
4,train,3185
4,train,3188
4,train,3189
4,train,3190
4,train,3191
4,train,3192
4,train,3193
4,train,3195
4,train,3196
4,train,3197
4,train,3199
4,train,3200
4,train,3201
4,train,3202
4,train,3203
4,train,3206
4,train,3207
4,train,3208
4,train,3209
4,train,3210
4,train,3211
4,train,3212
4,train,3214
4,train,3215
4,train,3216
4,train,3219
4,train,3220
4,train,3221
4,train,3222
4,train,3223
4,train,3224
4,train,3225
4,train,3226
4,train,3229
4,train,3232
4,train,3233
4,train,3234
4,train,3236
4,train,3237
4,train,3239
4,train,3240
4,train,3241
4,train,3242
4,train,3244
4,train,3246
4,train,3247
4,train,3248
4,train,3249
4,train,3250
4,train,3251
4,train,3252
4,train,3253
4,train,3254
4,train,3255
4,train,3256
4,train,3258
4,train,3260
4,train,3261
4,train,3262
4,train,3263
4,train,3265
4,train,3266
4,train,3267
4,train,3268
4,train,3270
4,train,3271
4,train,3272
4,train,3273
4,train,3274
4,train,3276
4,train,3277
4,train,3278
4,train,3279
4,train,3280
4,train,3282
4,train,3284
4,train,3285
4,train,3286
4,train,3288
4,train,3289
4,train,3290
4,train,3291
4,train,3292
4,train,3294
4,train,3295
4,train,3296
4,train,3297
4,train,3298
4,train,3299
4,train,3301
4,train,3302
4,train,3303
4,train,3304
4,train,3305
4,train,3307
4,train,3308
4,train,3309
4,train,3310
4,train,3311
4,train,3312
4,train,3313
4,train,3314
4,train,3315
4,train,3316
4,train,3318
4,train,3319
4,train,3320
4,train,3321
4,train,3322
4,train,3323
4,train,3324
4,train,3325
4,train,3327
4,train,3328
4,train,3329
4,train,3330
4,train,3332
4,train,3333
4,train,3334
4,train,3336
4,train,3337
4,train,3338
4,train,3339
4,train,3340
4,train,3341
4,train,3342
4,train,3343
4,train,3344
4,train,3346
4,train,3347
4,train,3348
4,train,3349
4,train,3351
4,train,3352
4,train,3353
4,train,3354
4,train,3355
4,train,3356
4,train,3357
4,train,3359
4,train,3360
4,train,3361
4,train,3362
4,train,3363
4,train,3364
4,train,3365
4,train,3366
4,train,3367
4,train,3368
4,train,3369
4,train,3370
4,train,3373
4,train,3374
4,train,3375
4,train,3376
4,train,3377
4,train,3378
4,train,3379
4,train,3380
4,train,3381
4,train,3382
4,train,3383
4,train,3384
4,train,3385
4,train,3386
4,train,3387
4,train,3390
4,train,3392
4,train,3394
4,train,3395
4,train,3396
4,train,3397
4,train,3398
4,train,3399
4,train,3400
4,train,3401
4,train,3402
4,train,3403
4,train,3404
4,train,3405
4,train,3406
4,train,3408
4,train,3409
4,train,3410
4,train,3411
4,train,3412
4,train,3414
4,train,3415
4,train,3416
4,train,3417
4,train,3419
4,train,3420
4,train,3422
4,train,3423
4,train,3424
4,train,3425
4,train,3426
4,train,3428
4,train,3429
4,train,3431
4,train,3432
4,train,3434
4,train,3435
4,train,3436
4,train,3437
4,train,3438
4,train,3439
4,train,3440
4,train,3441
4,train,3442
4,train,3444
4,train,3445
4,train,3446
4,train,3447
4,train,3450
4,train,3451
4,train,3452
4,train,3453
4,train,3454
4,train,3455
4,train,3457
4,train,3459
4,train,3460
4,train,3461
4,train,3462
4,train,3463
4,train,3464
4,train,3465
4,train,3466
4,train,3467
4,train,3468
4,train,3469
4,train,3470
4,train,3471
4,train,3472
4,train,3473
4,train,3474
4,train,3476
4,train,3477
4,train,3479
4,train,3480
4,train,3481
4,train,3482
4,train,3483
4,train,3484
4,train,3485
4,train,3486
4,train,3487
4,train,3490
4,train,3491
4,train,3492
4,train,3493
4,train,3495
4,train,3497
4,train,3498
4,train,3499
4,train,3500
4,train,3501
4,train,3503
4,train,3504
4,train,3506
4,train,3507
4,train,3508
4,train,3510
4,train,3511
4,train,3512
4,train,3513
4,train,3515
4,train,3516
4,train,3517
4,train,3518
4,train,3521
4,train,3522
4,train,3523
4,train,3524
4,train,3527
4,train,3528
4,train,3529
4,train,3530
4,train,3531
4,train,3532
4,train,3533
4,train,3535
4,train,3536
4,train,3537
4,train,3538
4,train,3539
4,train,3540
4,train,3541
4,train,3542
4,train,3543
4,train,3545
4,train,3546
4,train,3547
4,train,3548
4,train,3550
4,train,3551
4,train,3552
4,train,3553
4,train,3554
4,train,3555
4,train,3556
4,train,3557
4,train,3559
4,train,3560
4,train,3561
4,train,3562
4,train,3564
4,train,3565
4,train,3566
4,train,3568
4,train,3569
4,train,3570
4,train,3572
4,train,3575
4,train,3576
4,train,3577
4,train,3579
4,train,3580
4,train,3581
4,train,3582
4,train,3584
4,train,3585
4,train,3586
4,train,3587
4,train,3589
4,train,3590
4,train,3591
4,train,3592
4,train,3595
4,train,3596
4,train,3597
4,train,3598
4,train,3599
4,train,3600
4,train,3601
4,train,3602
4,train,3603
4,train,3606
4,train,3607
4,train,3608
4,train,3609
4,train,3610
4,train,3611
4,train,3613
4,train,3616
4,train,3617
4,train,3618
4,train,3619
4,train,3620
4,train,3621
4,train,3622
4,train,3623
4,train,3624
4,train,3625
4,train,3627
4,train,3628
4,train,3630
4,train,3631
4,train,3633
4,train,3634
4,train,3635
4,train,3636
4,train,3637
4,train,3639
4,train,3640
4,train,3642
4,train,3643
4,train,3644
4,train,3645
4,train,3646
4,train,3648
4,train,3650
4,train,3653
4,train,3654
4,train,3655
4,train,3656
4,train,3657
4,train,3658
4,train,3659
4,train,3660
4,train,3662
4,train,3664
4,train,3665
4,train,3666
4,train,3669
4,train,3670
4,train,3671
4,train,3672
4,train,3673
4,train,3674
4,train,3675
4,train,3678
4,train,3679
4,train,3680
4,train,3681
4,train,3682
4,train,3683
4,train,3685
4,train,3686
4,train,3690
4,train,3691
4,train,3695
4,train,3696
4,train,3698
4,train,3699
4,train,3700
4,train,3701
4,train,3702
4,train,3703
4,train,3704
4,train,3706
4,train,3707
4,train,3709
4,train,3711
4,train,3712
4,train,3715
4,train,3716
4,train,3718
4,train,3719
4,train,3720
4,train,3721
4,train,3722
4,train,3723
4,train,3724
4,train,3725
4,train,3726
4,train,3729
4,train,3730
4,train,3731
4,train,3732
4,train,3733
4,train,3734
4,train,3735
4,train,3736
4,train,3737
4,train,3738
4,train,3739
4,train,3740
4,train,3741
4,train,3742
4,train,3743
4,train,3744
4,train,3745
4,train,3746
4,train,3747
4,train,3748
4,train,3749
4,train,3751
4,train,3752
4,train,3754
4,train,3755
4,train,3756
4,train,3757
4,train,3758
4,train,3760
4,train,3761
4,train,3763
4,train,3764
4,train,3765
4,train,3766
4,train,3767
4,train,3768
4,train,3769
4,train,3770
4,train,3771
4,train,3772
4,train,3773
4,train,3774
4,train,3775
4,train,3776
4,train,3777
4,train,3778
4,train,3780
4,train,3781
4,train,3783
4,train,3784
4,train,3785
4,train,3786
4,train,3788
4,train,3789
4,train,3791
4,train,3792
4,train,3794
4,train,3795
4,train,3796
4,train,3797
4,train,3798
4,train,3799
4,train,3800
4,train,3801
4,train,3803
4,train,3806
4,train,3807
4,train,3808
4,train,3809
4,train,3810
4,train,3812
4,train,3813
4,train,3814
4,train,3817
4,train,3818
4,train,3819
4,train,3820
4,train,3822
4,train,3824
4,train,3825
4,train,3826
4,train,3827
4,train,3828
4,train,3831
4,train,3833
4,train,3834
4,train,3835
4,train,3836
4,train,3837
4,train,3838
4,train,3840
4,train,3841
4,train,3842
4,train,3843
4,train,3844
4,train,3846
4,train,3847
4,train,3849
4,train,3851
4,train,3852
4,train,3853
4,train,3854
4,train,3855
4,train,3856
4,train,3857
4,train,3858
4,train,3859
4,train,3860
4,train,3861
4,train,3862
4,train,3863
4,train,3864
4,train,3865
4,train,3866
4,train,3869
4,train,3870
4,train,3871
4,train,3872
4,train,3873
4,train,3874
4,train,3875
4,train,3877
4,train,3878
4,train,3879
4,train,3880
4,train,3881
4,train,3882
4,train,3883
4,train,3884
4,train,3885
4,train,3886
4,train,3889
4,train,3890
4,train,3891
4,train,3892
4,train,3894
4,train,3895
4,train,3896
4,train,3897
4,train,3898
4,train,3899
4,train,3901
4,train,3904
4,train,3905
4,train,3906
4,train,3907
4,train,3908
4,train,3912
4,train,3913
4,train,3914
4,train,3915
4,train,3917
4,train,3918
4,train,3919
4,train,3920
4,train,3922
4,train,3923
4,train,3924
4,train,3925
4,train,3926
4,train,3927
4,train,3928
4,train,3929
4,train,3930
4,train,3931
4,train,3932
4,train,3933
4,train,3935
4,train,3936
4,train,3937
4,train,3938
4,train,3939
4,train,3940
4,train,3943
4,train,3945
4,train,3946
4,train,3947
4,train,3949
4,train,3950
4,train,3951
4,train,3953
4,train,3954
4,train,3955
4,train,3956
4,train,3958
4,train,3959
4,train,3961
4,train,3962
4,train,3965
4,train,3966
4,train,3967
4,train,3969
4,train,3973
4,train,3974
4,train,3975
4,train,3976
4,train,3977
4,train,3978
4,train,3979
4,train,3982
4,train,3983
4,train,3984
4,train,3985
4,train,3987
4,train,3989
4,train,3990
4,train,3991
4,train,3992
4,train,3993
4,train,3994
4,train,3995
4,train,3996
4,train,3997
4,train,3998
4,train,3999
4,train,4000
4,train,4005
4,train,4006
4,train,4008
4,train,4009
4,train,4010
4,train,4011
4,train,4014
4,train,4015
4,train,4016
4,train,4018
4,train,4019
4,train,4020
4,train,4022
4,train,4023
4,train,4024
4,train,4025
4,train,4026
4,train,4027
4,train,4028
4,train,4029
4,train,4030
4,train,4031
4,train,4032
4,train,4033
4,train,4034
4,train,4035
4,train,4036
4,train,4037
4,train,4039
4,train,4040
4,train,4041
4,train,4042
4,train,4043
4,train,4044
4,train,4045
4,train,4046
4,train,4047
4,train,4049
4,train,4052
4,train,4054
4,train,4056
4,train,4057
4,train,4058
4,train,4059
4,train,4060
4,train,4061
4,train,4063
4,train,4064
4,train,4065
4,train,4067
4,train,4068
4,train,4069
4,train,4070
4,train,4071
4,train,4072
4,train,4073
4,train,4074
4,train,4075
4,train,4076
4,train,4077
4,train,4078
4,train,4079
4,train,4081
4,train,4083
4,train,4084
4,train,4085
4,train,4086
4,train,4087
4,train,4089
4,train,4090
4,train,4091
4,train,4092
4,train,4093
4,train,4095
4,train,4096
4,train,4097
4,train,4098
4,train,4099
4,train,4100
4,train,4102
4,train,4103
4,train,4104
4,train,4105
4,train,4107
4,train,4108
4,train,4111
4,train,4112
4,train,4113
4,train,4114
4,train,4115
4,train,4116
4,train,4117
4,train,4121
4,train,4124
4,train,4125
4,train,4127
4,train,4128
4,train,4129
4,train,4130
4,train,4131
4,train,4132
4,train,4133
4,train,4134
4,train,4135
4,train,4136
4,train,4137
4,train,4138
4,train,4139
4,train,4140
4,train,4141
4,train,4142
4,train,4143
4,train,4145
4,train,4146
4,train,4147
4,train,4149
4,train,4150
4,train,4151
4,train,4152
4,train,4154
4,train,4155
4,train,4156
4,train,4157
4,train,4159
4,train,4162
4,train,4163
4,train,4165
4,train,4166
4,train,4167
4,train,4169
4,train,4171
4,train,4172
4,train,4173
4,train,4175
4,train,4176
4,train,4177
4,train,4179
4,train,4180
4,train,4181
4,train,4182
4,train,4183
4,train,4185
4,train,4186
4,train,4187
4,train,4189
4,train,4190
4,train,4191
4,train,4192
4,train,4193
4,train,4194
4,train,4195
4,train,4198
4,train,4199
4,train,4200
4,train,4201
4,train,4202
4,train,4203
4,train,4204
4,train,4205
4,train,4207
4,train,4208
4,train,4210
4,train,4211
4,train,4212
4,train,4213
4,train,4214
4,train,4215
4,train,4218
4,train,4219
4,train,4220
4,train,4221
4,train,4222
4,train,4223
4,train,4224
4,train,4225
4,train,4226
4,train,4227
4,train,4228
4,train,4231
4,train,4232
4,train,4233
4,train,4234
4,train,4235
4,train,4236
4,train,4238
4,train,4240
4,train,4241
4,train,4244
4,train,4245
4,train,4246
4,train,4247
4,train,4249
4,train,4250
4,train,4251
4,train,4252
4,train,4253
4,train,4254
4,train,4255
4,train,4256
4,train,4258
4,train,4259
4,train,4260
4,train,4263
4,train,4264
4,train,4265
4,train,4267
4,train,4268
4,train,4270
4,train,4271
4,train,4272
4,train,4273
4,train,4274
4,train,4275
4,train,4276
4,train,4277
4,train,4278
4,train,4279
4,train,4280
4,train,4282
4,train,4283
4,train,4284
4,train,4285
4,train,4286
4,train,4287
4,train,4288
4,train,4289
4,train,4294
4,train,4295
4,train,4296
4,train,4297
4,train,4298
4,train,4299
4,train,4301
4,train,4302
4,train,4304
4,train,4305
4,train,4306
4,train,4307
4,train,4308
4,train,4309
4,train,4310
4,train,4311
4,train,4312
4,train,4313
4,train,4314
4,train,4315
4,train,4316
4,train,4317
4,train,4318
4,train,4319
4,train,4320
4,train,4321
4,train,4322
4,train,4323
4,train,4324
4,train,4326
4,train,4327
4,train,4328
4,train,4330
4,train,4333
4,train,4334
4,train,4335
4,train,4336
4,train,4337
4,train,4338
4,train,4339
4,train,4340
4,train,4341
4,train,4342
4,train,4343
4,train,4344
4,train,4345
4,train,4346
4,train,4349
4,train,4350
4,train,4352
4,train,4353
4,train,4354
4,train,4355
4,train,4356
4,train,4357
4,train,4358
4,train,4359
4,train,4360
4,train,4361
4,train,4363
4,train,4364
4,train,4365
4,train,4366
4,train,4367
4,train,4368
4,train,4369
4,train,4371
4,train,4372
4,train,4373
4,train,4374
4,train,4375
4,train,4376
4,train,4377
4,train,4378
4,train,4381
4,train,4382
4,train,4383
4,train,4385
4,train,4387
4,train,4388
4,train,4389
4,train,4390
4,train,4391
4,train,4392
4,train,4393
4,train,4395
4,train,4396
4,train,4397
4,train,4398
4,train,4400
4,train,4401
4,train,4402
4,train,4404
4,train,4405
4,train,4406
4,train,4407
4,train,4408
4,train,4409
4,train,4410
4,train,4411
4,train,4413
4,train,4414
4,train,4415
4,train,4416
4,train,4417
4,train,4418
4,train,4419
4,test,2
4,test,3
4,test,5
4,test,10
4,test,15
4,test,21
4,test,24
4,test,27
4,test,28
4,test,37
4,test,39
4,test,46
4,test,53
4,test,54
4,test,55
4,test,66
4,test,74
4,test,77
4,test,81
4,test,94
4,test,97
4,test,101
4,test,107
4,test,110
4,test,112
4,test,117
4,test,125
4,test,126
4,test,129
4,test,131
4,test,136
4,test,138
4,test,145
4,test,147
4,test,148
4,test,159
4,test,164
4,test,167
4,test,169
4,test,171
4,test,181
4,test,182
4,test,186
4,test,193
4,test,201
4,test,215
4,test,224
4,test,228
4,test,232
4,test,236
4,test,242
4,test,244
4,test,250
4,test,260
4,test,265
4,test,271
4,test,277
4,test,285
4,test,292
4,test,294
4,test,302
4,test,310
4,test,312
4,test,317
4,test,319
4,test,320
4,test,326
4,test,327
4,test,329
4,test,333
4,test,334
4,test,338
4,test,339
4,test,341
4,test,345
4,test,355
4,test,362
4,test,363
4,test,364
4,test,375
4,test,385
4,test,390
4,test,398
4,test,400
4,test,401
4,test,405
4,test,419
4,test,425
4,test,428
4,test,431
4,test,441
4,test,447
4,test,451
4,test,453
4,test,454
4,test,467
4,test,473
4,test,476
4,test,477
4,test,481
4,test,483
4,test,484
4,test,513
4,test,516
4,test,520
4,test,525
4,test,531
4,test,536
4,test,545
4,test,556
4,test,558
4,test,566
4,test,571
4,test,579
4,test,585
4,test,587
4,test,588
4,test,592
4,test,609
4,test,614
4,test,615
4,test,622
4,test,624
4,test,628
4,test,638
4,test,645
4,test,653
4,test,661
4,test,674
4,test,686
4,test,689
4,test,692
4,test,696
4,test,701
4,test,704
4,test,706
4,test,710
4,test,711
4,test,715
4,test,722
4,test,723
4,test,724
4,test,725
4,test,726
4,test,730
4,test,735
4,test,737
4,test,738
4,test,745
4,test,747
4,test,757
4,test,768
4,test,771
4,test,774
4,test,777
4,test,780
4,test,793
4,test,795
4,test,799
4,test,806
4,test,813
4,test,820
4,test,822
4,test,824
4,test,826
4,test,827
4,test,832
4,test,846
4,test,848
4,test,849
4,test,875
4,test,882
4,test,885
4,test,892
4,test,901
4,test,904
4,test,906
4,test,909
4,test,913
4,test,914
4,test,917
4,test,918
4,test,919
4,test,920
4,test,922
4,test,934
4,test,935
4,test,936
4,test,938
4,test,943
4,test,946
4,test,947
4,test,950
4,test,951
4,test,963
4,test,966
4,test,972
4,test,974
4,test,983
4,test,984
4,test,987
4,test,988
4,test,989
4,test,992
4,test,993
4,test,1002
4,test,1007
4,test,1013
4,test,1026
4,test,1030
4,test,1039
4,test,1040
4,test,1043
4,test,1046
4,test,1054
4,test,1063
4,test,1085
4,test,1086
4,test,1107
4,test,1111
4,test,1112
4,test,1118
4,test,1120
4,test,1121
4,test,1131
4,test,1136
4,test,1137
4,test,1141
4,test,1160
4,test,1165
4,test,1169
4,test,1182
4,test,1193
4,test,1194
4,test,1199
4,test,1201
4,test,1202
4,test,1203
4,test,1215
4,test,1219
4,test,1223
4,test,1245
4,test,1246
4,test,1247
4,test,1248
4,test,1254
4,test,1265
4,test,1274
4,test,1276
4,test,1277
4,test,1279
4,test,1285
4,test,1287
4,test,1290
4,test,1297
4,test,1301
4,test,1303
4,test,1304
4,test,1305
4,test,1308
4,test,1311
4,test,1314
4,test,1318
4,test,1319
4,test,1325
4,test,1332
4,test,1333
4,test,1335
4,test,1341
4,test,1342
4,test,1346
4,test,1347
4,test,1349
4,test,1355
4,test,1372
4,test,1379
4,test,1380
4,test,1383
4,test,1386
4,test,1387
4,test,1389
4,test,1394
4,test,1401
4,test,1415
4,test,1418
4,test,1430
4,test,1433
4,test,1435
4,test,1449
4,test,1453
4,test,1458
4,test,1463
4,test,1464
4,test,1466
4,test,1471
4,test,1481
4,test,1486
4,test,1493
4,test,1508
4,test,1520
4,test,1521
4,test,1523
4,test,1524
4,test,1526
4,test,1541
4,test,1544
4,test,1547
4,test,1560
4,test,1561
4,test,1573
4,test,1591
4,test,1594
4,test,1596
4,test,1599
4,test,1603
4,test,1604
4,test,1605
4,test,1607
4,test,1619
4,test,1622
4,test,1629
4,test,1639
4,test,1640
4,test,1645
4,test,1646
4,test,1654
4,test,1658
4,test,1669
4,test,1673
4,test,1690
4,test,1692
4,test,1700
4,test,1701
4,test,1704
4,test,1708
4,test,1711
4,test,1716
4,test,1724
4,test,1750
4,test,1755
4,test,1759
4,test,1761
4,test,1762
4,test,1771
4,test,1772
4,test,1774
4,test,1776
4,test,1790
4,test,1792
4,test,1796
4,test,1799
4,test,1804
4,test,1817
4,test,1828
4,test,1834
4,test,1845
4,test,1851
4,test,1854
4,test,1855
4,test,1857
4,test,1858
4,test,1863
4,test,1865
4,test,1868
4,test,1870
4,test,1879
4,test,1888
4,test,1889
4,test,1890
4,test,1900
4,test,1908
4,test,1911
4,test,1913
4,test,1914
4,test,1917
4,test,1920
4,test,1928
4,test,1932
4,test,1933
4,test,1934
4,test,1939
4,test,1942
4,test,1943
4,test,1970
4,test,1975
4,test,1976
4,test,1985
4,test,1989
4,test,1990
4,test,1997
4,test,2001
4,test,2006
4,test,2007
4,test,2012
4,test,2021
4,test,2026
4,test,2030
4,test,2032
4,test,2033
4,test,2035
4,test,2039
4,test,2040
4,test,2050
4,test,2051
4,test,2052
4,test,2054
4,test,2058
4,test,2060
4,test,2064
4,test,2072
4,test,2074
4,test,2075
4,test,2079
4,test,2084
4,test,2087
4,test,2089
4,test,2106
4,test,2108
4,test,2116
4,test,2120
4,test,2125
4,test,2126
4,test,2129
4,test,2133
4,test,2134
4,test,2136
4,test,2137
4,test,2139
4,test,2151
4,test,2161
4,test,2162
4,test,2175
4,test,2187
4,test,2188
4,test,2190
4,test,2192
4,test,2198
4,test,2203
4,test,2204
4,test,2209
4,test,2219
4,test,2234
4,test,2235
4,test,2243
4,test,2248
4,test,2257
4,test,2262
4,test,2263
4,test,2271
4,test,2273
4,test,2275
4,test,2291
4,test,2306
4,test,2308
4,test,2315
4,test,2317
4,test,2322
4,test,2324
4,test,2332
4,test,2336
4,test,2343
4,test,2349
4,test,2353
4,test,2360
4,test,2362
4,test,2365
4,test,2371
4,test,2373
4,test,2375
4,test,2376
4,test,2382
4,test,2383
4,test,2394
4,test,2396
4,test,2400
4,test,2403
4,test,2410
4,test,2412
4,test,2418
4,test,2419
4,test,2421
4,test,2424
4,test,2428
4,test,2438
4,test,2443
4,test,2449
4,test,2461
4,test,2466
4,test,2467
4,test,2469
4,test,2472
4,test,2490
4,test,2506
4,test,2507
4,test,2513
4,test,2514
4,test,2516
4,test,2538
4,test,2541
4,test,2544
4,test,2551
4,test,2553
4,test,2560
4,test,2563
4,test,2571
4,test,2573
4,test,2582
4,test,2590
4,test,2595
4,test,2597
4,test,2599
4,test,2601
4,test,2604
4,test,2608
4,test,2611
4,test,2618
4,test,2621
4,test,2624
4,test,2626
4,test,2632
4,test,2637
4,test,2641
4,test,2642
4,test,2645
4,test,2657
4,test,2667
4,test,2670
4,test,2671
4,test,2674
4,test,2679
4,test,2682
4,test,2687
4,test,2708
4,test,2709
4,test,2711
4,test,2712
4,test,2713
4,test,2717
4,test,2730
4,test,2736
4,test,2739
4,test,2746
4,test,2760
4,test,2761
4,test,2762
4,test,2766
4,test,2768
4,test,2769
4,test,2791
4,test,2795
4,test,2797
4,test,2800
4,test,2802
4,test,2826
4,test,2847
4,test,2852
4,test,2854
4,test,2858
4,test,2859
4,test,2861
4,test,2862
4,test,2864
4,test,2866
4,test,2867
4,test,2868
4,test,2872
4,test,2873
4,test,2879
4,test,2883
4,test,2890
4,test,2891
4,test,2892
4,test,2898
4,test,2910
4,test,2912
4,test,2913
4,test,2928
4,test,2935
4,test,2943
4,test,2945
4,test,2946
4,test,2953
4,test,2954
4,test,2958
4,test,2963
4,test,2965
4,test,2969
4,test,2972
4,test,2981
4,test,2984
4,test,2985
4,test,2987
4,test,2989
4,test,2994
4,test,3011
4,test,3015
4,test,3016
4,test,3027
4,test,3030
4,test,3035
4,test,3040
4,test,3043
4,test,3054
4,test,3055
4,test,3056
4,test,3057
4,test,3063
4,test,3079
4,test,3084
4,test,3085
4,test,3086
4,test,3097
4,test,3100
4,test,3110
4,test,3126
4,test,3131
4,test,3132
4,test,3142
4,test,3148
4,test,3151
4,test,3160
4,test,3169
4,test,3173
4,test,3180
4,test,3184
4,test,3186
4,test,3187
4,test,3194
4,test,3198
4,test,3204
4,test,3205
4,test,3213
4,test,3217
4,test,3218
4,test,3227
4,test,3228
4,test,3230
4,test,3231
4,test,3235
4,test,3238
4,test,3243
4,test,3245
4,test,3257
4,test,3259
4,test,3264
4,test,3269
4,test,3275
4,test,3281
4,test,3283
4,test,3287
4,test,3293
4,test,3300
4,test,3306
4,test,3317
4,test,3326
4,test,3331
4,test,3335
4,test,3345
4,test,3350
4,test,3358
4,test,3371
4,test,3372
4,test,3388
4,test,3389
4,test,3391
4,test,3393
4,test,3407
4,test,3413
4,test,3418
4,test,3421
4,test,3427
4,test,3430
4,test,3433
4,test,3443
4,test,3448
4,test,3449
4,test,3456
4,test,3458
4,test,3475
4,test,3478
4,test,3488
4,test,3489
4,test,3494
4,test,3496
4,test,3502
4,test,3505
4,test,3509
4,test,3514
4,test,3519
4,test,3520
4,test,3525
4,test,3526
4,test,3534
4,test,3544
4,test,3549
4,test,3558
4,test,3563
4,test,3567
4,test,3571
4,test,3573
4,test,3574
4,test,3578
4,test,3583
4,test,3588
4,test,3593
4,test,3594
4,test,3604
4,test,3605
4,test,3612
4,test,3614
4,test,3615
4,test,3626
4,test,3629
4,test,3632
4,test,3638
4,test,3641
4,test,3647
4,test,3649
4,test,3651
4,test,3652
4,test,3661
4,test,3663
4,test,3667
4,test,3668
4,test,3676
4,test,3677
4,test,3684
4,test,3687
4,test,3688
4,test,3689
4,test,3692
4,test,3693
4,test,3694
4,test,3697
4,test,3705
4,test,3708
4,test,3710
4,test,3713
4,test,3714
4,test,3717
4,test,3727
4,test,3728
4,test,3750
4,test,3753
4,test,3759
4,test,3762
4,test,3779
4,test,3782
4,test,3787
4,test,3790
4,test,3793
4,test,3802
4,test,3804
4,test,3805
4,test,3811
4,test,3815
4,test,3816
4,test,3821
4,test,3823
4,test,3829
4,test,3830
4,test,3832
4,test,3839
4,test,3845
4,test,3848
4,test,3850
4,test,3867
4,test,3868
4,test,3876
4,test,3887
4,test,3888
4,test,3893
4,test,3900
4,test,3902
4,test,3903
4,test,3909
4,test,3910
4,test,3911
4,test,3916
4,test,3921
4,test,3934
4,test,3941
4,test,3942
4,test,3944
4,test,3948
4,test,3952
4,test,3957
4,test,3960
4,test,3963
4,test,3964
4,test,3968
4,test,3970
4,test,3971
4,test,3972
4,test,3980
4,test,3981
4,test,3986
4,test,3988
4,test,4001
4,test,4002
4,test,4003
4,test,4004
4,test,4007
4,test,4012
4,test,4013
4,test,4017
4,test,4021
4,test,4038
4,test,4048
4,test,4050
4,test,4051
4,test,4053
4,test,4055
4,test,4062
4,test,4066
4,test,4080
4,test,4082
4,test,4088
4,test,4094
4,test,4101
4,test,4106
4,test,4109
4,test,4110
4,test,4118
4,test,4119
4,test,4120
4,test,4122
4,test,4123
4,test,4126
4,test,4144
4,test,4148
4,test,4153
4,test,4158
4,test,4160
4,test,4161
4,test,4164
4,test,4168
4,test,4170
4,test,4174
4,test,4178
4,test,4184
4,test,4188
4,test,4196
4,test,4197
4,test,4206
4,test,4209
4,test,4216
4,test,4217
4,test,4229
4,test,4230
4,test,4237
4,test,4239
4,test,4242
4,test,4243
4,test,4248
4,test,4257
4,test,4261
4,test,4262
4,test,4266
4,test,4269
4,test,4281
4,test,4290
4,test,4291
4,test,4292
4,test,4293
4,test,4300
4,test,4303
4,test,4325
4,test,4329
4,test,4331
4,test,4332
4,test,4347
4,test,4348
4,test,4351
4,test,4362
4,test,4370
4,test,4379
4,test,4380
4,test,4384
4,test,4386
4,test,4394
4,test,4399
4,test,4403
4,test,4412
5,train,0
5,train,1
5,train,2
5,train,3
5,train,5
5,train,6
5,train,7
5,train,8
5,train,10
5,train,12
5,train,13
5,train,14
5,train,15
5,train,17
5,train,18
5,train,19
5,train,20
5,train,21
5,train,22
5,train,23
5,train,24
5,train,25
5,train,26
5,train,27
5,train,28
5,train,29
5,train,30
5,train,31
5,train,32
5,train,33
5,train,35
5,train,37
5,train,39
5,train,41
5,train,43
5,train,44
5,train,45
5,train,46
5,train,48
5,train,49
5,train,51
5,train,52
5,train,53
5,train,54
5,train,55
5,train,56
5,train,57
5,train,58
5,train,59
5,train,61
5,train,63
5,train,65
5,train,66
5,train,67
5,train,69
5,train,70
5,train,71
5,train,72
5,train,73
5,train,74
5,train,76
5,train,77
5,train,78
5,train,80
5,train,81
5,train,83
5,train,84
5,train,85
5,train,86
5,train,87
5,train,88
5,train,91
5,train,93
5,train,94
5,train,95
5,train,96
5,train,97
5,train,99
5,train,100
5,train,101
5,train,102
5,train,103
5,train,104
5,train,105
5,train,107
5,train,108
5,train,109
5,train,110
5,train,111
5,train,112
5,train,113
5,train,115
5,train,117
5,train,118
5,train,120
5,train,121
5,train,122
5,train,123
5,train,124
5,train,125
5,train,126
5,train,128
5,train,129
5,train,131
5,train,132
5,train,134
5,train,135
5,train,136
5,train,138
5,train,139
5,train,140
5,train,141
5,train,142
5,train,144
5,train,145
5,train,147
5,train,148
5,train,149
5,train,150
5,train,151
5,train,152
5,train,155
5,train,156
5,train,157
5,train,158
5,train,159
5,train,162
5,train,163
5,train,164
5,train,166
5,train,167
5,train,168
5,train,169
5,train,170
5,train,171
5,train,173
5,train,174
5,train,175
5,train,176
5,train,177
5,train,178
5,train,179
5,train,180
5,train,181
5,train,182
5,train,183
5,train,184
5,train,185
5,train,186
5,train,187
5,train,188
5,train,191
5,train,192
5,train,193
5,train,194
5,train,195
5,train,196
5,train,198
5,train,199
5,train,201
5,train,203
5,train,205
5,train,207
5,train,208
5,train,209
5,train,210
5,train,211
5,train,212
5,train,213
5,train,214
5,train,215
5,train,217
5,train,218
5,train,219
5,train,220
5,train,221
5,train,222
5,train,224
5,train,226
5,train,227
5,train,228
5,train,229
5,train,230
5,train,231
5,train,232
5,train,233
5,train,236
5,train,237
5,train,238
5,train,239
5,train,240
5,train,242
5,train,243
5,train,244
5,train,245
5,train,246
5,train,247
5,train,250
5,train,251
5,train,252
5,train,254
5,train,256
5,train,257
5,train,258
5,train,259
5,train,260
5,train,261
5,train,263
5,train,265
5,train,266
5,train,268
5,train,269
5,train,270
5,train,271
5,train,272
5,train,273
5,train,274
5,train,275
5,train,276
5,train,277
5,train,278
5,train,279
5,train,281
5,train,282
5,train,283
5,train,285
5,train,286
5,train,287
5,train,288
5,train,289
5,train,290
5,train,291
5,train,292
5,train,293
5,train,294
5,train,295
5,train,296
5,train,297
5,train,298
5,train,299
5,train,300
5,train,302
5,train,303
5,train,304
5,train,305
5,train,306
5,train,307
5,train,308
5,train,309
5,train,310
5,train,311
5,train,312
5,train,313
5,train,314
5,train,315
5,train,316
5,train,317
5,train,318
5,train,319
5,train,320
5,train,321
5,train,322
5,train,323
5,train,324
5,train,325
5,train,326
5,train,327
5,train,328
5,train,329
5,train,330
5,train,331
5,train,332
5,train,333
5,train,334
5,train,338
5,train,339
5,train,340
5,train,341
5,train,342
5,train,343
5,train,344
5,train,345
5,train,346
5,train,347
5,train,348
5,train,349
5,train,350
5,train,351
5,train,352
5,train,353
5,train,354
5,train,355
5,train,358
5,train,360
5,train,361
5,train,362
5,train,363
5,train,364
5,train,365
5,train,366
5,train,367
5,train,368
5,train,369
5,train,370
5,train,371
5,train,374
5,train,375
5,train,376
5,train,377
5,train,378
5,train,380
5,train,381
5,train,382
5,train,383
5,train,385
5,train,386
5,train,387
5,train,390
5,train,392
5,train,393
5,train,394
5,train,397
5,train,398
5,train,399
5,train,400
5,train,401
5,train,402
5,train,403
5,train,405
5,train,406
5,train,407
5,train,408
5,train,409
5,train,410
5,train,411
5,train,413
5,train,414
5,train,415
5,train,416
5,train,418
5,train,419
5,train,420
5,train,421
5,train,422
5,train,423
5,train,424
5,train,425
5,train,426
5,train,427
5,train,428
5,train,429
5,train,430
5,train,431
5,train,432
5,train,433
5,train,435
5,train,436
5,train,438
5,train,439
5,train,440
5,train,441
5,train,442
5,train,443
5,train,444
5,train,445
5,train,447
5,train,449
5,train,450
5,train,451
5,train,453
5,train,454
5,train,456
5,train,457
5,train,458
5,train,459
5,train,460
5,train,461
5,train,462
5,train,463
5,train,464
5,train,465
5,train,467
5,train,468
5,train,469
5,train,471
5,train,472
5,train,473
5,train,476
5,train,477
5,train,478
5,train,479
5,train,480
5,train,481
5,train,482
5,train,483
5,train,484
5,train,485
5,train,486
5,train,489
5,train,490
5,train,491
5,train,493
5,train,494
5,train,495
5,train,497
5,train,498
5,train,500
5,train,501
5,train,503
5,train,505
5,train,506
5,train,507
5,train,508
5,train,509
5,train,511
5,train,513
5,train,514
5,train,516
5,train,518
5,train,519
5,train,520
5,train,521
5,train,522
5,train,525
5,train,526
5,train,527
5,train,528
5,train,529
5,train,530
5,train,531
5,train,532
5,train,533
5,train,534
5,train,535
5,train,536
5,train,538
5,train,540
5,train,542
5,train,543
5,train,544
5,train,545
5,train,546
5,train,547
5,train,548
5,train,549
5,train,551
5,train,552
5,train,553
5,train,554
5,train,555
5,train,556
5,train,557
5,train,558
5,train,560
5,train,561
5,train,564
5,train,565
5,train,566
5,train,567
5,train,568
5,train,570
5,train,571
5,train,572
5,train,573
5,train,575
5,train,576
5,train,578
5,train,579
5,train,581
5,train,582
5,train,583
5,train,584
5,train,585
5,train,586
5,train,587
5,train,588
5,train,589
5,train,590
5,train,591
5,train,592
5,train,593
5,train,594
5,train,596
5,train,597
5,train,598
5,train,599
5,train,601
5,train,602
5,train,604
5,train,605
5,train,607
5,train,609
5,train,610
5,train,611
5,train,612
5,train,613
5,train,614
5,train,615
5,train,617
5,train,618
5,train,619
5,train,620
5,train,621
5,train,622
5,train,624
5,train,625
5,train,626
5,train,627
5,train,628
5,train,629
5,train,630
5,train,631
5,train,632
5,train,634
5,train,636
5,train,637
5,train,638
5,train,639
5,train,640
5,train,641
5,train,642
5,train,643
5,train,644
5,train,645
5,train,647
5,train,648
5,train,649
5,train,650
5,train,651
5,train,653
5,train,654
5,train,655
5,train,656
5,train,657
5,train,658
5,train,660
5,train,661
5,train,662
5,train,664
5,train,665
5,train,668
5,train,669
5,train,670
5,train,672
5,train,674
5,train,676
5,train,677
5,train,678
5,train,679
5,train,680
5,train,682
5,train,683
5,train,685
5,train,686
5,train,687
5,train,689
5,train,690
5,train,691
5,train,692
5,train,693
5,train,694
5,train,695
5,train,696
5,train,697
5,train,700
5,train,701
5,train,702
5,train,704
5,train,705
5,train,706
5,train,707
5,train,710
5,train,711
5,train,712
5,train,714
5,train,715
5,train,718
5,train,719
5,train,720
5,train,721
5,train,722
5,train,723
5,train,724
5,train,725
5,train,726
5,train,727
5,train,729
5,train,730
5,train,731
5,train,733
5,train,734
5,train,735
5,train,736
5,train,737
5,train,738
5,train,741
5,train,742
5,train,743
5,train,744
5,train,745
5,train,746
5,train,747
5,train,748
5,train,749
5,train,751
5,train,752
5,train,754
5,train,755
5,train,756
5,train,757
5,train,759
5,train,761
5,train,764
5,train,765
5,train,767
5,train,768
5,train,771
5,train,772
5,train,773
5,train,774
5,train,776
5,train,777
5,train,778
5,train,779
5,train,780
5,train,781
5,train,782
5,train,783
5,train,785
5,train,786
5,train,787
5,train,788
5,train,789
5,train,790
5,train,791
5,train,792
5,train,793
5,train,794
5,train,795
5,train,798
5,train,799
5,train,800
5,train,801
5,train,802
5,train,803
5,train,805
5,train,806
5,train,807
5,train,808
5,train,809
5,train,810
5,train,811
5,train,812
5,train,813
5,train,816
5,train,817
5,train,818
5,train,819
5,train,820
5,train,821
5,train,822
5,train,824
5,train,826
5,train,827
5,train,829
5,train,831
5,train,832
5,train,833
5,train,834
5,train,835
5,train,836
5,train,837
5,train,838
5,train,839
5,train,840
5,train,841
5,train,842
5,train,843
5,train,844
5,train,845
5,train,846
5,train,847
5,train,848
5,train,849
5,train,855
5,train,856
5,train,857
5,train,858
5,train,859
5,train,861
5,train,862
5,train,864
5,train,865
5,train,866
5,train,867
5,train,869
5,train,871
5,train,873
5,train,874
5,train,875
5,train,877
5,train,879
5,train,881
5,train,882
5,train,883
5,train,885
5,train,886
5,train,887
5,train,888
5,train,889
5,train,890
5,train,891
5,train,892
5,train,893
5,train,897
5,train,898
5,train,900
5,train,901
5,train,902
5,train,903
5,train,904
5,train,905
5,train,906
5,train,907
5,train,908
5,train,909
5,train,910
5,train,911
5,train,912
5,train,913
5,train,914
5,train,915
5,train,916
5,train,917
5,train,918
5,train,919
5,train,920
5,train,921
5,train,922
5,train,923
5,train,925
5,train,926
5,train,927
5,train,929
5,train,930
5,train,931
5,train,932
5,train,934
5,train,935
5,train,936
5,train,937
5,train,938
5,train,939
5,train,940
5,train,941
5,train,942
5,train,943
5,train,944
5,train,945
5,train,946
5,train,947
5,train,948
5,train,949
5,train,950
5,train,951
5,train,952
5,train,955
5,train,958
5,train,960
5,train,961
5,train,962
5,train,963
5,train,964
5,train,965
5,train,966
5,train,968
5,train,969
5,train,970
5,train,972
5,train,973
5,train,974
5,train,976
5,train,978
5,train,979
5,train,981
5,train,982
5,train,983
5,train,984
5,train,985
5,train,986
5,train,987
5,train,988
5,train,989
5,train,990
5,train,992
5,train,993
5,train,994
5,train,997
5,train,998
5,train,999
5,train,1000
5,train,1001
5,train,1002
5,train,1003
5,train,1004
5,train,1005
5,train,1006
5,train,1007
5,train,1009
5,train,1010
5,train,1011
5,train,1013
5,train,1014
5,train,1017
5,train,1018
5,train,1020
5,train,1022
5,train,1023
5,train,1024
5,train,1025
5,train,1026
5,train,1027
5,train,1029
5,train,1030
5,train,1032
5,train,1033
5,train,1034
5,train,1036
5,train,1037
5,train,1038
5,train,1039
5,train,1040
5,train,1041
5,train,1042
5,train,1043
5,train,1044
5,train,1046
5,train,1047
5,train,1048
5,train,1050
5,train,1051
5,train,1052
5,train,1053
5,train,1054
5,train,1055
5,train,1056
5,train,1057
5,train,1058
5,train,1061
5,train,1063
5,train,1064
5,train,1067
5,train,1068
5,train,1070
5,train,1071
5,train,1072
5,train,1073
5,train,1074
5,train,1075
5,train,1078
5,train,1080
5,train,1083
5,train,1084
5,train,1085
5,train,1086
5,train,1087
5,train,1088
5,train,1089
5,train,1090
5,train,1091
5,train,1093
5,train,1094
5,train,1095
5,train,1096
5,train,1097
5,train,1098
5,train,1099
5,train,1100
5,train,1102
5,train,1103
5,train,1104
5,train,1105
5,train,1106
5,train,1107
5,train,1108
5,train,1109
5,train,1110
5,train,1111
5,train,1112
5,train,1113
5,train,1114
5,train,1115
5,train,1116
5,train,1117
5,train,1118
5,train,1119
5,train,1120
5,train,1121
5,train,1123
5,train,1124
5,train,1125
5,train,1126
5,train,1127
5,train,1128
5,train,1129
5,train,1130
5,train,1131
5,train,1132
5,train,1133
5,train,1134
5,train,1135
5,train,1136
5,train,1137
5,train,1138
5,train,1141
5,train,1142
5,train,1143
5,train,1146
5,train,1149
5,train,1151
5,train,1152
5,train,1153
5,train,1157
5,train,1158
5,train,1159
5,train,1160
5,train,1161
5,train,1162
5,train,1163
5,train,1164
5,train,1165
5,train,1169
5,train,1170
5,train,1171
5,train,1173
5,train,1174
5,train,1175
5,train,1176
5,train,1177
5,train,1178
5,train,1179
5,train,1180
5,train,1181
5,train,1182
5,train,1183
5,train,1185
5,train,1186
5,train,1187
5,train,1188
5,train,1189
5,train,1190
5,train,1192
5,train,1193
5,train,1194
5,train,1195
5,train,1196
5,train,1198
5,train,1199
5,train,1200
5,train,1201
5,train,1202
5,train,1203
5,train,1204
5,train,1206
5,train,1207
5,train,1208
5,train,1210
5,train,1211
5,train,1213
5,train,1215
5,train,1216
5,train,1219
5,train,1220
5,train,1221
5,train,1222
5,train,1223
5,train,1225
5,train,1226
5,train,1228
5,train,1229
5,train,1230
5,train,1231
5,train,1232
5,train,1233
5,train,1234
5,train,1235
5,train,1236
5,train,1237
5,train,1239
5,train,1241
5,train,1242
5,train,1244
5,train,1245
5,train,1246
5,train,1247
5,train,1248
5,train,1249
5,train,1251
5,train,1253
5,train,1254
5,train,1255
5,train,1257
5,train,1258
5,train,1259
5,train,1260
5,train,1261
5,train,1263
5,train,1264
5,train,1265
5,train,1266
5,train,1268
5,train,1269
5,train,1270
5,train,1271
5,train,1272
5,train,1273
5,train,1274
5,train,1276
5,train,1277
5,train,1278
5,train,1279
5,train,1281
5,train,1283
5,train,1284
5,train,1285
5,train,1286
5,train,1287
5,train,1288
5,train,1289
5,train,1290
5,train,1292
5,train,1293
5,train,1294
5,train,1295
5,train,1297
5,train,1298
5,train,1299
5,train,1301
5,train,1302
5,train,1303
5,train,1304
5,train,1305
5,train,1307
5,train,1308
5,train,1309
5,train,1310
5,train,1311
5,train,1313
5,train,1314
5,train,1315
5,train,1316
5,train,1317
5,train,1318
5,train,1319
5,train,1320
5,train,1321
5,train,1322
5,train,1323
5,train,1325
5,train,1326
5,train,1327
5,train,1328
5,train,1330
5,train,1332
5,train,1333
5,train,1334
5,train,1335
5,train,1336
5,train,1337
5,train,1338
5,train,1339
5,train,1340
5,train,1341
5,train,1342
5,train,1343
5,train,1344
5,train,1345
5,train,1346
5,train,1347
5,train,1349
5,train,1350
5,train,1351
5,train,1352
5,train,1354
5,train,1355
5,train,1356
5,train,1357
5,train,1359
5,train,1360
5,train,1361
5,train,1362
5,train,1364
5,train,1366
5,train,1367
5,train,1368
5,train,1370
5,train,1372
5,train,1373
5,train,1374
5,train,1375
5,train,1376
5,train,1377
5,train,1378
5,train,1379
5,train,1380
5,train,1381
5,train,1382
5,train,1383
5,train,1385
5,train,1386
5,train,1387
5,train,1389
5,train,1391
5,train,1392
5,train,1393
5,train,1394
5,train,1395
5,train,1397
5,train,1398
5,train,1399
5,train,1400
5,train,1401
5,train,1402
5,train,1403
5,train,1404
5,train,1405
5,train,1406
5,train,1407
5,train,1408
5,train,1410
5,train,1411
5,train,1412
5,train,1413
5,train,1414
5,train,1415
5,train,1417
5,train,1418
5,train,1419
5,train,1420
5,train,1421
5,train,1422
5,train,1423
5,train,1424
5,train,1425
5,train,1426
5,train,1427
5,train,1429
5,train,1430
5,train,1431
5,train,1432
5,train,1433
5,train,1434
5,train,1435
5,train,1436
5,train,1437
5,train,1438
5,train,1439
5,train,1441
5,train,1442
5,train,1443
5,train,1444
5,train,1446
5,train,1447
5,train,1448
5,train,1449
5,train,1450
5,train,1451
5,train,1452
5,train,1453
5,train,1454
5,train,1455
5,train,1456
5,train,1457
5,train,1458
5,train,1459
5,train,1461
5,train,1462
5,train,1463
5,train,1464
5,train,1465
5,train,1466
5,train,1467
5,train,1468
5,train,1471
5,train,1472
5,train,1474
5,train,1475
5,train,1476
5,train,1477
5,train,1479
5,train,1480
5,train,1481
5,train,1482
5,train,1483
5,train,1485
5,train,1486
5,train,1487
5,train,1488
5,train,1490
5,train,1491
5,train,1493
5,train,1494
5,train,1496
5,train,1497
5,train,1498
5,train,1499
5,train,1501
5,train,1502
5,train,1503
5,train,1504
5,train,1505
5,train,1506
5,train,1507
5,train,1508
5,train,1509
5,train,1510
5,train,1511
5,train,1512
5,train,1513
5,train,1514
5,train,1515
5,train,1517
5,train,1518
5,train,1520
5,train,1521
5,train,1522
5,train,1523
5,train,1524
5,train,1525
5,train,1526
5,train,1530
5,train,1532
5,train,1533
5,train,1534
5,train,1535
5,train,1536
5,train,1537
5,train,1538
5,train,1539
5,train,1541
5,train,1543
5,train,1544
5,train,1545
5,train,1546
5,train,1547
5,train,1550
5,train,1551
5,train,1552
5,train,1553
5,train,1554
5,train,1556
5,train,1557
5,train,1558
5,train,1559
5,train,1560
5,train,1561
5,train,1562
5,train,1563
5,train,1564
5,train,1565
5,train,1566
5,train,1567
5,train,1569
5,train,1572
5,train,1573
5,train,1575
5,train,1576
5,train,1577
5,train,1578
5,train,1579
5,train,1580
5,train,1582
5,train,1583
5,train,1584
5,train,1586
5,train,1587
5,train,1588
5,train,1589
5,train,1590
5,train,1591
5,train,1592
5,train,1593
5,train,1594
5,train,1595
5,train,1596
5,train,1598
5,train,1599
5,train,1600
5,train,1601
5,train,1602
5,train,1603
5,train,1604
5,train,1605
5,train,1606
5,train,1607
5,train,1608
5,train,1609
5,train,1610
5,train,1611
5,train,1612
5,train,1613
5,train,1614
5,train,1615
5,train,1616
5,train,1618
5,train,1619
5,train,1620
5,train,1621
5,train,1622
5,train,1623
5,train,1624
5,train,1626
5,train,1627
5,train,1628
5,train,1629
5,train,1632
5,train,1634
5,train,1637
5,train,1638
5,train,1639
5,train,1640
5,train,1641
5,train,1642
5,train,1643
5,train,1644
5,train,1645
5,train,1646
5,train,1647
5,train,1650
5,train,1651
5,train,1652
5,train,1653
5,train,1654
5,train,1655
5,train,1656
5,train,1657
5,train,1658
5,train,1659
5,train,1660
5,train,1661
5,train,1662
5,train,1665
5,train,1666
5,train,1667
5,train,1669
5,train,1670
5,train,1671
5,train,1672
5,train,1673
5,train,1674
5,train,1675
5,train,1677
5,train,1681
5,train,1684
5,train,1688
5,train,1689
5,train,1690
5,train,1691
5,train,1692
5,train,1694
5,train,1695
5,train,1697
5,train,1698
5,train,1700
5,train,1701
5,train,1702
5,train,1703
5,train,1704
5,train,1705
5,train,1706
5,train,1708
5,train,1709
5,train,1710
5,train,1711
5,train,1712
5,train,1713
5,train,1714
5,train,1716
5,train,1717
5,train,1718
5,train,1720
5,train,1721
5,train,1723
5,train,1724
5,train,1725
5,train,1726
5,train,1727
5,train,1728
5,train,1729
5,train,1730
5,train,1731
5,train,1732
5,train,1735
5,train,1736
5,train,1737
5,train,1738
5,train,1739
5,train,1740
5,train,1741
5,train,1742
5,train,1743
5,train,1744
5,train,1745
5,train,1746
5,train,1747
5,train,1748
5,train,1749
5,train,1750
5,train,1751
5,train,1752
5,train,1754
5,train,1755
5,train,1756
5,train,1758
5,train,1759
5,train,1760
5,train,1761
5,train,1762
5,train,1763
5,train,1764
5,train,1765
5,train,1766
5,train,1767
5,train,1768
5,train,1769
5,train,1770
5,train,1771
5,train,1772
5,train,1774
5,train,1775
5,train,1776
5,train,1777
5,train,1778
5,train,1779
5,train,1780
5,train,1783
5,train,1784
5,train,1786
5,train,1787
5,train,1788
5,train,1789
5,train,1790
5,train,1791
5,train,1792
5,train,1793
5,train,1795
5,train,1796
5,train,1797
5,train,1798
5,train,1799
5,train,1800
5,train,1801
5,train,1803
5,train,1804
5,train,1805
5,train,1807
5,train,1808
5,train,1809
5,train,1811
5,train,1812
5,train,1813
5,train,1814
5,train,1815
5,train,1817
5,train,1818
5,train,1820
5,train,1822
5,train,1825
5,train,1826
5,train,1828
5,train,1829
5,train,1830
5,train,1831
5,train,1832
5,train,1833
5,train,1834
5,train,1835
5,train,1837
5,train,1839
5,train,1840
5,train,1842
5,train,1844
5,train,1845
5,train,1846
5,train,1847
5,train,1849
5,train,1850
5,train,1851
5,train,1854
5,train,1855
5,train,1857
5,train,1858
5,train,1859
5,train,1860
5,train,1861
5,train,1862
5,train,1863
5,train,1864
5,train,1865
5,train,1866
5,train,1867
5,train,1868
5,train,1869
5,train,1870
5,train,1871
5,train,1872
5,train,1873
5,train,1874
5,train,1876
5,train,1877
5,train,1878
5,train,1879
5,train,1880
5,train,1882
5,train,1883
5,train,1884
5,train,1885
5,train,1886
5,train,1888
5,train,1889
5,train,1890
5,train,1891
5,train,1894
5,train,1896
5,train,1897
5,train,1898
5,train,1900
5,train,1902
5,train,1904
5,train,1905
5,train,1907
5,train,1908
5,train,1909
5,train,1910
5,train,1911
5,train,1912
5,train,1913
5,train,1914
5,train,1915
5,train,1916
5,train,1917
5,train,1918
5,train,1919
5,train,1920
5,train,1921
5,train,1922
5,train,1923
5,train,1924
5,train,1925
5,train,1926
5,train,1927
5,train,1928
5,train,1929
5,train,1932
5,train,1933
5,train,1934
5,train,1936
5,train,1937
5,train,1938
5,train,1939
5,train,1940
5,train,1941
5,train,1942
5,train,1943
5,train,1945
5,train,1947
5,train,1948
5,train,1949
5,train,1950
5,train,1951
5,train,1952
5,train,1953
5,train,1954
5,train,1956
5,train,1957
5,train,1960
5,train,1961
5,train,1962
5,train,1963
5,train,1964
5,train,1965
5,train,1966
5,train,1967
5,train,1970
5,train,1971
5,train,1972
5,train,1973
5,train,1974
5,train,1975
5,train,1976
5,train,1977
5,train,1978
5,train,1979
5,train,1980
5,train,1983
5,train,1985
5,train,1987
5,train,1988
5,train,1989
5,train,1990
5,train,1991
5,train,1992
5,train,1993
5,train,1995
5,train,1997
5,train,1999
5,train,2001
5,train,2002
5,train,2003
5,train,2004
5,train,2005
5,train,2006
5,train,2007
5,train,2008
5,train,2009
5,train,2010
5,train,2011
5,train,2012
5,train,2013
5,train,2014
5,train,2015
5,train,2016
5,train,2018
5,train,2019
5,train,2020
5,train,2021
5,train,2022
5,train,2023
5,train,2024
5,train,2025
5,train,2026
5,train,2028
5,train,2029
5,train,2030
5,train,2031
5,train,2032
5,train,2033
5,train,2034
5,train,2035
5,train,2037
5,train,2039
5,train,2040
5,train,2042
5,train,2043
5,train,2044
5,train,2045
5,train,2046
5,train,2050
5,train,2051
5,train,2052
5,train,2053
5,train,2054
5,train,2057
5,train,2058
5,train,2059
5,train,2060
5,train,2063
5,train,2064
5,train,2066
5,train,2067
5,train,2068
5,train,2069
5,train,2071
5,train,2072
5,train,2073
5,train,2074
5,train,2075
5,train,2077
5,train,2078
5,train,2079
5,train,2080
5,train,2083
5,train,2084
5,train,2085
5,train,2086
5,train,2087
5,train,2088
5,train,2089
5,train,2090
5,train,2091
5,train,2092
5,train,2093
5,train,2095
5,train,2096
5,train,2097
5,train,2098
5,train,2099
5,train,2101
5,train,2102
5,train,2103
5,train,2104
5,train,2106
5,train,2107
5,train,2108
5,train,2110
5,train,2111
5,train,2112
5,train,2113
5,train,2114
5,train,2115
5,train,2116
5,train,2117
5,train,2118
5,train,2119
5,train,2120
5,train,2121
5,train,2123
5,train,2124
5,train,2125
5,train,2126
5,train,2127
5,train,2129
5,train,2130
5,train,2131
5,train,2132
5,train,2133
5,train,2134
5,train,2135
5,train,2136
5,train,2137
5,train,2138
5,train,2139
5,train,2140
5,train,2144
5,train,2146
5,train,2147
5,train,2148
5,train,2149
5,train,2151
5,train,2153
5,train,2154
5,train,2155
5,train,2157
5,train,2159
5,train,2161
5,train,2162
5,train,2163
5,train,2164
5,train,2166
5,train,2167
5,train,2168
5,train,2169
5,train,2170
5,train,2171
5,train,2172
5,train,2174
5,train,2175
5,train,2176
5,train,2177
5,train,2178
5,train,2179
5,train,2181
5,train,2182
5,train,2183
5,train,2184
5,train,2185
5,train,2186
5,train,2187
5,train,2188
5,train,2189
5,train,2190
5,train,2191
5,train,2192
5,train,2194
5,train,2195
5,train,2196
5,train,2197
5,train,2198
5,train,2199
5,train,2202
5,train,2203
5,train,2204
5,train,2206
5,train,2208
5,train,2209
5,train,2210
5,train,2211
5,train,2212
5,train,2213
5,train,2215
5,train,2216
5,train,2218
5,train,2219
5,train,2221
5,train,2222
5,train,2223
5,train,2225
5,train,2226
5,train,2227
5,train,2228
5,train,2229
5,train,2230
5,train,2232
5,train,2233
5,train,2234
5,train,2235
5,train,2236
5,train,2238
5,train,2240
5,train,2241
5,train,2242
5,train,2243
5,train,2244
5,train,2245
5,train,2246
5,train,2247
5,train,2248
5,train,2249
5,train,2250
5,train,2251
5,train,2252
5,train,2253
5,train,2254
5,train,2256
5,train,2257
5,train,2258
5,train,2259
5,train,2260
5,train,2262
5,train,2263
5,train,2266
5,train,2267
5,train,2268
5,train,2269
5,train,2270
5,train,2271
5,train,2272
5,train,2273
5,train,2274
5,train,2275
5,train,2276
5,train,2277
5,train,2279
5,train,2281
5,train,2282
5,train,2283
5,train,2284
5,train,2285
5,train,2287
5,train,2288
5,train,2289
5,train,2290
5,train,2291
5,train,2292
5,train,2293
5,train,2295
5,train,2297
5,train,2298
5,train,2299
5,train,2301
5,train,2302
5,train,2303
5,train,2304
5,train,2306
5,train,2307
5,train,2308
5,train,2309
5,train,2310
5,train,2311
5,train,2312
5,train,2313
5,train,2314
5,train,2315
5,train,2316
5,train,2317
5,train,2318
5,train,2319
5,train,2320
5,train,2321
5,train,2322
5,train,2323
5,train,2324
5,train,2325
5,train,2328
5,train,2329
5,train,2330
5,train,2331
5,train,2332
5,train,2333
5,train,2334
5,train,2335
5,train,2336
5,train,2337
5,train,2338
5,train,2339
5,train,2340
5,train,2341
5,train,2342
5,train,2343
5,train,2344
5,train,2345
5,train,2346
5,train,2347
5,train,2348
5,train,2349
5,train,2350
5,train,2351
5,train,2352
5,train,2353
5,train,2354
5,train,2355
5,train,2356
5,train,2357
5,train,2358
5,train,2359
5,train,2360
5,train,2361
5,train,2362
5,train,2364
5,train,2365
5,train,2366
5,train,2367
5,train,2369
5,train,2370
5,train,2371
5,train,2372
5,train,2373
5,train,2374
5,train,2375
5,train,2376
5,train,2377
5,train,2378
5,train,2379
5,train,2380
5,train,2381
5,train,2382
5,train,2383
5,train,2384
5,train,2387
5,train,2389
5,train,2390
5,train,2392
5,train,2394
5,train,2396
5,train,2398
5,train,2399
5,train,2400
5,train,2401
5,train,2402
5,train,2403
5,train,2404
5,train,2405
5,train,2406
5,train,2407
5,train,2408
5,train,2409
5,train,2410
5,train,2411
5,train,2412
5,train,2413
5,train,2414
5,train,2415
5,train,2416
5,train,2417
5,train,2418
5,train,2419
5,train,2420
5,train,2421
5,train,2422
5,train,2423
5,train,2424
5,train,2425
5,train,2426
5,train,2428
5,train,2429
5,train,2430
5,train,2431
5,train,2432
5,train,2436
5,train,2437
5,train,2438
5,train,2439
5,train,2440
5,train,2441
5,train,2442
5,train,2443
5,train,2446
5,train,2447
5,train,2449
5,train,2450
5,train,2451
5,train,2452
5,train,2453
5,train,2456
5,train,2457
5,train,2458
5,train,2459
5,train,2460
5,train,2461
5,train,2462
5,train,2463
5,train,2464
5,train,2465
5,train,2466
5,train,2467
5,train,2468
5,train,2469
5,train,2470
5,train,2471
5,train,2472
5,train,2473
5,train,2474
5,train,2475
5,train,2476
5,train,2477
5,train,2478
5,train,2480
5,train,2481
5,train,2483
5,train,2484
5,train,2486
5,train,2487
5,train,2488
5,train,2490
5,train,2493
5,train,2494
5,train,2495
5,train,2496
5,train,2498
5,train,2499
5,train,2500
5,train,2501
5,train,2503
5,train,2505
5,train,2506
5,train,2507
5,train,2509
5,train,2510
5,train,2512
5,train,2513
5,train,2514
5,train,2515
5,train,2516
5,train,2517
5,train,2518
5,train,2519
5,train,2520
5,train,2522
5,train,2525
5,train,2526
5,train,2527
5,train,2528
5,train,2529
5,train,2530
5,train,2531
5,train,2532
5,train,2533
5,train,2534
5,train,2535
5,train,2536
5,train,2538
5,train,2540
5,train,2541
5,train,2542
5,train,2543
5,train,2544
5,train,2545
5,train,2547
5,train,2548
5,train,2550
5,train,2551
5,train,2552
5,train,2553
5,train,2554
5,train,2555
5,train,2559
5,train,2560
5,train,2561
5,train,2562
5,train,2563
5,train,2564
5,train,2566
5,train,2567
5,train,2570
5,train,2571
5,train,2572
5,train,2573
5,train,2574
5,train,2575
5,train,2576
5,train,2577
5,train,2578
5,train,2579
5,train,2580
5,train,2582
5,train,2583
5,train,2584
5,train,2585
5,train,2586
5,train,2587
5,train,2588
5,train,2589
5,train,2590
5,train,2591
5,train,2592
5,train,2594
5,train,2595
5,train,2596
5,train,2597
5,train,2598
5,train,2599
5,train,2600
5,train,2601
5,train,2602
5,train,2603
5,train,2604
5,train,2605
5,train,2606
5,train,2607
5,train,2608
5,train,2609
5,train,2610
5,train,2611
5,train,2614
5,train,2615
5,train,2617
5,train,2618
5,train,2619
5,train,2620
5,train,2621
5,train,2622
5,train,2623
5,train,2624
5,train,2626
5,train,2627
5,train,2628
5,train,2629
5,train,2630
5,train,2631
5,train,2632
5,train,2633
5,train,2634
5,train,2636
5,train,2637
5,train,2638
5,train,2639
5,train,2640
5,train,2641
5,train,2642
5,train,2643
5,train,2644
5,train,2645
5,train,2646
5,train,2647
5,train,2648
5,train,2649
5,train,2650
5,train,2651
5,train,2653
5,train,2654
5,train,2655
5,train,2656
5,train,2657
5,train,2658
5,train,2659
5,train,2661
5,train,2662
5,train,2663
5,train,2664
5,train,2665
5,train,2666
5,train,2667
5,train,2668
5,train,2669
5,train,2670
5,train,2671
5,train,2672
5,train,2673
5,train,2674
5,train,2676
5,train,2677
5,train,2678
5,train,2679
5,train,2680
5,train,2682
5,train,2683
5,train,2684
5,train,2685
5,train,2686
5,train,2687
5,train,2688
5,train,2689
5,train,2691
5,train,2694
5,train,2696
5,train,2697
5,train,2698
5,train,2699
5,train,2700
5,train,2702
5,train,2704
5,train,2706
5,train,2707
5,train,2708
5,train,2709
5,train,2711
5,train,2712
5,train,2713
5,train,2714
5,train,2715
5,train,2716
5,train,2717
5,train,2718
5,train,2720
5,train,2721
5,train,2722
5,train,2725
5,train,2726
5,train,2727
5,train,2728
5,train,2730
5,train,2732
5,train,2736
5,train,2739
5,train,2740
5,train,2741
5,train,2742
5,train,2743
5,train,2746
5,train,2748
5,train,2749
5,train,2750
5,train,2751
5,train,2752
5,train,2753
5,train,2754
5,train,2755
5,train,2757
5,train,2758
5,train,2759
5,train,2760
5,train,2761
5,train,2762
5,train,2763
5,train,2764
5,train,2765
5,train,2766
5,train,2767
5,train,2768
5,train,2769
5,train,2770
5,train,2771
5,train,2772
5,train,2775
5,train,2776
5,train,2778
5,train,2780
5,train,2781
5,train,2784
5,train,2787
5,train,2788
5,train,2789
5,train,2791
5,train,2792
5,train,2793
5,train,2794
5,train,2795
5,train,2796
5,train,2797
5,train,2798
5,train,2800
5,train,2801
5,train,2802
5,train,2803
5,train,2804
5,train,2805
5,train,2807
5,train,2810
5,train,2812
5,train,2813
5,train,2815
5,train,2817
5,train,2819
5,train,2820
5,train,2821
5,train,2822
5,train,2823
5,train,2825
5,train,2826
5,train,2827
5,train,2828
5,train,2829
5,train,2830
5,train,2833
5,train,2834
5,train,2835
5,train,2836
5,train,2840
5,train,2843
5,train,2844
5,train,2846
5,train,2847
5,train,2848
5,train,2850
5,train,2852
5,train,2854
5,train,2855
5,train,2856
5,train,2857
5,train,2858
5,train,2859
5,train,2860
5,train,2861
5,train,2862
5,train,2863
5,train,2864
5,train,2865
5,train,2866
5,train,2867
5,train,2868
5,train,2872
5,train,2873
5,train,2875
5,train,2876
5,train,2877
5,train,2879
5,train,2880
5,train,2881
5,train,2882
5,train,2883
5,train,2884
5,train,2886
5,train,2887
5,train,2889
5,train,2890
5,train,2891
5,train,2892
5,train,2893
5,train,2894
5,train,2897
5,train,2898
5,train,2899
5,train,2902
5,train,2903
5,train,2905
5,train,2907
5,train,2909
5,train,2910
5,train,2912
5,train,2913
5,train,2915
5,train,2916
5,train,2917
5,train,2918
5,train,2920
5,train,2921
5,train,2922
5,train,2924
5,train,2925
5,train,2926
5,train,2927
5,train,2928
5,train,2929
5,train,2932
5,train,2934
5,train,2935
5,train,2936
5,train,2937
5,train,2939
5,train,2940
5,train,2941
5,train,2942
5,train,2943
5,train,2944
5,train,2945
5,train,2946
5,train,2948
5,train,2949
5,train,2951
5,train,2952
5,train,2953
5,train,2954
5,train,2955
5,train,2957
5,train,2958
5,train,2962
5,train,2963
5,train,2964
5,train,2965
5,train,2968
5,train,2969
5,train,2970
5,train,2971
5,train,2972
5,train,2973
5,train,2974
5,train,2977
5,train,2978
5,train,2979
5,train,2980
5,train,2981
5,train,2983
5,train,2984
5,train,2985
5,train,2986
5,train,2987
5,train,2988
5,train,2989
5,train,2990
5,train,2991
5,train,2992
5,train,2994
5,train,2996
5,train,2997
5,train,2998
5,train,3000
5,train,3001
5,train,3002
5,train,3003
5,train,3004
5,train,3007
5,train,3008
5,train,3010
5,train,3011
5,train,3012
5,train,3013
5,train,3014
5,train,3015
5,train,3016
5,train,3020
5,train,3021
5,train,3022
5,train,3023
5,train,3024
5,train,3025
5,train,3026
5,train,3027
5,train,3028
5,train,3029
5,train,3030
5,train,3032
5,train,3033
5,train,3034
5,train,3035
5,train,3036
5,train,3038
5,train,3039
5,train,3040
5,train,3041
5,train,3042
5,train,3043
5,train,3045
5,train,3046
5,train,3047
5,train,3048
5,train,3049
5,train,3050
5,train,3052
5,train,3053
5,train,3054
5,train,3055
5,train,3056
5,train,3057
5,train,3058
5,train,3061
5,train,3062
5,train,3063
5,train,3064
5,train,3065
5,train,3066
5,train,3070
5,train,3071
5,train,3074
5,train,3075
5,train,3076
5,train,3077
5,train,3078
5,train,3079
5,train,3081
5,train,3082
5,train,3083
5,train,3084
5,train,3085
5,train,3086
5,train,3088
5,train,3089
5,train,3091
5,train,3093
5,train,3095
5,train,3097
5,train,3098
5,train,3100
5,train,3101
5,train,3102
5,train,3103
5,train,3105
5,train,3106
5,train,3107
5,train,3109
5,train,3110
5,train,3111
5,train,3112
5,train,3113
5,train,3114
5,train,3115
5,train,3116
5,train,3119
5,train,3121
5,train,3123
5,train,3125
5,train,3126
5,train,3127
5,train,3128
5,train,3129
5,train,3130
5,train,3131
5,train,3132
5,train,3133
5,train,3134
5,train,3135
5,train,3137
5,train,3138
5,train,3139
5,train,3142
5,train,3148
5,train,3150
5,train,3151
5,train,3153
5,train,3154
5,train,3155
5,train,3158
5,train,3159
5,train,3160
5,train,3161
5,train,3162
5,train,3163
5,train,3164
5,train,3165
5,train,3166
5,train,3167
5,train,3168
5,train,3169
5,train,3172
5,train,3173
5,train,3174
5,train,3176
5,train,3178
5,train,3179
5,train,3180
5,train,3181
5,train,3182
5,train,3184
5,train,3185
5,train,3186
5,train,3187
5,train,3188
5,train,3189
5,train,3192
5,train,3193
5,train,3194
5,train,3195
5,train,3196
5,train,3198
5,train,3199
5,train,3200
5,train,3201
5,train,3203
5,train,3204
5,train,3205
5,train,3206
5,train,3207
5,train,3208
5,train,3209
5,train,3210
5,train,3211
5,train,3212
5,train,3213
5,train,3214
5,train,3215
5,train,3217
5,train,3218
5,train,3220
5,train,3221
5,train,3223
5,train,3224
5,train,3225
5,train,3226
5,train,3227
5,train,3228
5,train,3229
5,train,3230
5,train,3231
5,train,3232
5,train,3233
5,train,3235
5,train,3237
5,train,3238
5,train,3239
5,train,3240
5,train,3241
5,train,3243
5,train,3244
5,train,3245
5,train,3246
5,train,3247
5,train,3248
5,train,3250
5,train,3252
5,train,3253
5,train,3256
5,train,3257
5,train,3258
5,train,3259
5,train,3260
5,train,3262
5,train,3263
5,train,3264
5,train,3265
5,train,3268
5,train,3269
5,train,3270
5,train,3271
5,train,3273
5,train,3274
5,train,3275
5,train,3276
5,train,3277
5,train,3279
5,train,3280
5,train,3281
5,train,3282
5,train,3283
5,train,3285
5,train,3286
5,train,3287
5,train,3288
5,train,3289
5,train,3290
5,train,3291
5,train,3292
5,train,3293
5,train,3295
5,train,3296
5,train,3297
5,train,3298
5,train,3299
5,train,3300
5,train,3303
5,train,3305
5,train,3306
5,train,3307
5,train,3309
5,train,3310
5,train,3311
5,train,3312
5,train,3315
5,train,3316
5,train,3317
5,train,3318
5,train,3319
5,train,3320
5,train,3321
5,train,3326
5,train,3328
5,train,3329
5,train,3331
5,train,3332
5,train,3333
5,train,3334
5,train,3335
5,train,3336
5,train,3337
5,train,3338
5,train,3339
5,train,3340
5,train,3341
5,train,3344
5,train,3345
5,train,3346
5,train,3347
5,train,3349
5,train,3350
5,train,3351
5,train,3352
5,train,3355
5,train,3357
5,train,3358
5,train,3359
5,train,3360
5,train,3361
5,train,3362
5,train,3363
5,train,3364
5,train,3365
5,train,3366
5,train,3367
5,train,3368
5,train,3370
5,train,3371
5,train,3372
5,train,3375
5,train,3378
5,train,3379
5,train,3380
5,train,3381
5,train,3382
5,train,3383
5,train,3384
5,train,3386
5,train,3388
5,train,3389
5,train,3390
5,train,3391
5,train,3392
5,train,3393
5,train,3395
5,train,3396
5,train,3399
5,train,3400
5,train,3401
5,train,3402
5,train,3403
5,train,3404
5,train,3405
5,train,3406
5,train,3407
5,train,3408
5,train,3409
5,train,3410
5,train,3411
5,train,3412
5,train,3413
5,train,3414
5,train,3415
5,train,3416
5,train,3417
5,train,3418
5,train,3421
5,train,3422
5,train,3423
5,train,3424
5,train,3425
5,train,3426
5,train,3427
5,train,3428
5,train,3429
5,train,3430
5,train,3431
5,train,3432
5,train,3433
5,train,3434
5,train,3435
5,train,3437
5,train,3438
5,train,3439
5,train,3441
5,train,3442
5,train,3443
5,train,3448
5,train,3449
5,train,3450
5,train,3451
5,train,3452
5,train,3453
5,train,3454
5,train,3456
5,train,3458
5,train,3459
5,train,3460
5,train,3462
5,train,3463
5,train,3464
5,train,3466
5,train,3467
5,train,3468
5,train,3469
5,train,3470
5,train,3471
5,train,3475
5,train,3476
5,train,3477
5,train,3478
5,train,3481
5,train,3482
5,train,3483
5,train,3484
5,train,3485
5,train,3487
5,train,3488
5,train,3489
5,train,3490
5,train,3492
5,train,3494
5,train,3495
5,train,3496
5,train,3497
5,train,3499
5,train,3500
5,train,3501
5,train,3502
5,train,3503
5,train,3504
5,train,3505
5,train,3507
5,train,3508
5,train,3509
5,train,3511
5,train,3513
5,train,3514
5,train,3515
5,train,3516
5,train,3517
5,train,3518
5,train,3519
5,train,3520
5,train,3521
5,train,3523
5,train,3524
5,train,3525
5,train,3526
5,train,3527
5,train,3528
5,train,3530
5,train,3531
5,train,3532
5,train,3533
5,train,3534
5,train,3535
5,train,3536
5,train,3537
5,train,3538
5,train,3539
5,train,3540
5,train,3541
5,train,3542
5,train,3543
5,train,3544
5,train,3545
5,train,3547
5,train,3548
5,train,3549
5,train,3550
5,train,3551
5,train,3553
5,train,3554
5,train,3557
5,train,3558
5,train,3559
5,train,3560
5,train,3562
5,train,3563
5,train,3564
5,train,3565
5,train,3566
5,train,3567
5,train,3568
5,train,3569
5,train,3570
5,train,3571
5,train,3573
5,train,3574
5,train,3575
5,train,3576
5,train,3578
5,train,3583
5,train,3585
5,train,3586
5,train,3587
5,train,3588
5,train,3589
5,train,3590
5,train,3591
5,train,3592
5,train,3593
5,train,3594
5,train,3595
5,train,3596
5,train,3597
5,train,3598
5,train,3599
5,train,3601
5,train,3603
5,train,3604
5,train,3605
5,train,3606
5,train,3607
5,train,3608
5,train,3609
5,train,3611
5,train,3612
5,train,3613
5,train,3614
5,train,3615
5,train,3616
5,train,3617
5,train,3620
5,train,3621
5,train,3622
5,train,3623
5,train,3624
5,train,3625
5,train,3626
5,train,3629
5,train,3630
5,train,3631
5,train,3632
5,train,3633
5,train,3634
5,train,3638
5,train,3639
5,train,3640
5,train,3641
5,train,3642
5,train,3644
5,train,3646
5,train,3647
5,train,3649
5,train,3650
5,train,3651
5,train,3652
5,train,3653
5,train,3654
5,train,3655
5,train,3656
5,train,3657
5,train,3658
5,train,3659
5,train,3660
5,train,3661
5,train,3662
5,train,3663
5,train,3664
5,train,3666
5,train,3667
5,train,3668
5,train,3669
5,train,3670
5,train,3671
5,train,3673
5,train,3674
5,train,3676
5,train,3677
5,train,3678
5,train,3679
5,train,3680
5,train,3681
5,train,3682
5,train,3683
5,train,3684
5,train,3685
5,train,3686
5,train,3687
5,train,3688
5,train,3689
5,train,3690
5,train,3691
5,train,3692
5,train,3693
5,train,3694
5,train,3695
5,train,3697
5,train,3698
5,train,3699
5,train,3700
5,train,3701
5,train,3702
5,train,3703
5,train,3704
5,train,3705
5,train,3706
5,train,3707
5,train,3708
5,train,3710
5,train,3711
5,train,3712
5,train,3713
5,train,3714
5,train,3715
5,train,3716
5,train,3717
5,train,3718
5,train,3720
5,train,3721
5,train,3724
5,train,3725
5,train,3726
5,train,3727
5,train,3728
5,train,3729
5,train,3731
5,train,3732
5,train,3733
5,train,3734
5,train,3735
5,train,3737
5,train,3738
5,train,3739
5,train,3740
5,train,3741
5,train,3742
5,train,3744
5,train,3745
5,train,3747
5,train,3749
5,train,3750
5,train,3751
5,train,3752
5,train,3753
5,train,3754
5,train,3756
5,train,3757
5,train,3758
5,train,3759
5,train,3761
5,train,3762
5,train,3765
5,train,3767
5,train,3768
5,train,3770
5,train,3771
5,train,3773
5,train,3775
5,train,3776
5,train,3778
5,train,3779
5,train,3780
5,train,3781
5,train,3782
5,train,3783
5,train,3784
5,train,3785
5,train,3786
5,train,3787
5,train,3789
5,train,3790
5,train,3792
5,train,3793
5,train,3794
5,train,3796
5,train,3797
5,train,3799
5,train,3800
5,train,3801
5,train,3802
5,train,3803
5,train,3804
5,train,3805
5,train,3808
5,train,3809
5,train,3810
5,train,3811
5,train,3813
5,train,3814
5,train,3815
5,train,3816
5,train,3817
5,train,3818
5,train,3819
5,train,3820
5,train,3821
5,train,3822
5,train,3823
5,train,3824
5,train,3825
5,train,3826
5,train,3827
5,train,3828
5,train,3829
5,train,3830
5,train,3831
5,train,3832
5,train,3833
5,train,3834
5,train,3835
5,train,3836
5,train,3837
5,train,3838
5,train,3839
5,train,3841
5,train,3844
5,train,3845
5,train,3846
5,train,3848
5,train,3850
5,train,3852
5,train,3853
5,train,3855
5,train,3856
5,train,3858
5,train,3859
5,train,3860
5,train,3861
5,train,3862
5,train,3865
5,train,3866
5,train,3867
5,train,3868
5,train,3869
5,train,3870
5,train,3873
5,train,3874
5,train,3875
5,train,3876
5,train,3877
5,train,3878
5,train,3879
5,train,3880
5,train,3882
5,train,3883
5,train,3885
5,train,3886
5,train,3887
5,train,3888
5,train,3889
5,train,3891
5,train,3892
5,train,3893
5,train,3894
5,train,3895
5,train,3896
5,train,3897
5,train,3898
5,train,3899
5,train,3900
5,train,3901
5,train,3902
5,train,3903
5,train,3904
5,train,3905
5,train,3909
5,train,3910
5,train,3911
5,train,3912
5,train,3915
5,train,3916
5,train,3917
5,train,3918
5,train,3919
5,train,3920
5,train,3921
5,train,3922
5,train,3924
5,train,3925
5,train,3926
5,train,3927
5,train,3928
5,train,3929
5,train,3932
5,train,3934
5,train,3935
5,train,3936
5,train,3938
5,train,3939
5,train,3940
5,train,3941
5,train,3942
5,train,3944
5,train,3945
5,train,3946
5,train,3947
5,train,3948
5,train,3949
5,train,3951
5,train,3952
5,train,3953
5,train,3954
5,train,3955
5,train,3957
5,train,3958
5,train,3959
5,train,3960
5,train,3961
5,train,3962
5,train,3963
5,train,3964
5,train,3965
5,train,3967
5,train,3968
5,train,3970
5,train,3971
5,train,3972
5,train,3975
5,train,3976
5,train,3978
5,train,3979
5,train,3980
5,train,3981
5,train,3982
5,train,3983
5,train,3984
5,train,3985
5,train,3986
5,train,3988
5,train,3989
5,train,3990
5,train,3994
5,train,3995
5,train,3997
5,train,3999
5,train,4001
5,train,4002
5,train,4003
5,train,4004
5,train,4006
5,train,4007
5,train,4009
5,train,4010
5,train,4011
5,train,4012
5,train,4013
5,train,4015
5,train,4016
5,train,4017
5,train,4018
5,train,4019
5,train,4020
5,train,4021
5,train,4022
5,train,4024
5,train,4025
5,train,4026
5,train,4027
5,train,4028
5,train,4030
5,train,4031
5,train,4032
5,train,4033
5,train,4035
5,train,4037
5,train,4038
5,train,4039
5,train,4040
5,train,4041
5,train,4042
5,train,4044
5,train,4046
5,train,4047
5,train,4048
5,train,4049
5,train,4050
5,train,4051
5,train,4052
5,train,4053
5,train,4054
5,train,4055
5,train,4058
5,train,4059
5,train,4060
5,train,4062
5,train,4063
5,train,4064
5,train,4065
5,train,4066
5,train,4068
5,train,4071
5,train,4073
5,train,4074
5,train,4075
5,train,4076
5,train,4077
5,train,4078
5,train,4079
5,train,4080
5,train,4081
5,train,4082
5,train,4083
5,train,4084
5,train,4085
5,train,4086
5,train,4087
5,train,4088
5,train,4089
5,train,4091
5,train,4092
5,train,4093
5,train,4094
5,train,4096
5,train,4099
5,train,4101
5,train,4102
5,train,4104
5,train,4105
5,train,4106
5,train,4107
5,train,4108
5,train,4109
5,train,4110
5,train,4111
5,train,4113
5,train,4114
5,train,4118
5,train,4119
5,train,4120
5,train,4121
5,train,4122
5,train,4123
5,train,4124
5,train,4126
5,train,4127
5,train,4128
5,train,4129
5,train,4130
5,train,4133
5,train,4134
5,train,4135
5,train,4136
5,train,4137
5,train,4139
5,train,4140
5,train,4141
5,train,4142
5,train,4143
5,train,4144
5,train,4145
5,train,4146
5,train,4147
5,train,4148
5,train,4149
5,train,4150
5,train,4151
5,train,4152
5,train,4153
5,train,4154
5,train,4155
5,train,4156
5,train,4157
5,train,4158
5,train,4159
5,train,4160
5,train,4161
5,train,4162
5,train,4163
5,train,4164
5,train,4165
5,train,4166
5,train,4167
5,train,4168
5,train,4169
5,train,4170
5,train,4172
5,train,4173
5,train,4174
5,train,4175
5,train,4176
5,train,4177
5,train,4178
5,train,4179
5,train,4180
5,train,4181
5,train,4183
5,train,4184
5,train,4185
5,train,4186
5,train,4187
5,train,4188
5,train,4189
5,train,4190
5,train,4192
5,train,4194
5,train,4195
5,train,4196
5,train,4197
5,train,4198
5,train,4200
5,train,4201
5,train,4202
5,train,4203
5,train,4204
5,train,4206
5,train,4208
5,train,4209
5,train,4210
5,train,4211
5,train,4212
5,train,4213
5,train,4214
5,train,4215
5,train,4216
5,train,4217
5,train,4219
5,train,4220
5,train,4221
5,train,4222
5,train,4223
5,train,4224
5,train,4227
5,train,4228
5,train,4229
5,train,4230
5,train,4231
5,train,4232
5,train,4233
5,train,4235
5,train,4236
5,train,4237
5,train,4239
5,train,4240
5,train,4241
5,train,4242
5,train,4243
5,train,4244
5,train,4245
5,train,4246
5,train,4247
5,train,4248
5,train,4249
5,train,4252
5,train,4253
5,train,4254
5,train,4255
5,train,4256
5,train,4257
5,train,4258
5,train,4259
5,train,4260
5,train,4261
5,train,4262
5,train,4264
5,train,4266
5,train,4268
5,train,4269
5,train,4270
5,train,4271
5,train,4273
5,train,4274
5,train,4275
5,train,4277
5,train,4278
5,train,4279
5,train,4281
5,train,4282
5,train,4284
5,train,4285
5,train,4287
5,train,4288
5,train,4290
5,train,4291
5,train,4292
5,train,4293
5,train,4294
5,train,4295
5,train,4296
5,train,4298
5,train,4299
5,train,4300
5,train,4301
5,train,4302
5,train,4303
5,train,4304
5,train,4306
5,train,4307
5,train,4308
5,train,4309
5,train,4310
5,train,4312
5,train,4313
5,train,4314
5,train,4315
5,train,4316
5,train,4318
5,train,4319
5,train,4320
5,train,4321
5,train,4323
5,train,4324
5,train,4325
5,train,4327
5,train,4328
5,train,4329
5,train,4330
5,train,4331
5,train,4332
5,train,4333
5,train,4334
5,train,4336
5,train,4337
5,train,4338
5,train,4339
5,train,4340
5,train,4342
5,train,4343
5,train,4344
5,train,4345
5,train,4346
5,train,4347
5,train,4348
5,train,4349
5,train,4350
5,train,4351
5,train,4352
5,train,4353
5,train,4355
5,train,4356
5,train,4357
5,train,4358
5,train,4360
5,train,4361
5,train,4362
5,train,4363
5,train,4364
5,train,4365
5,train,4366
5,train,4367
5,train,4368
5,train,4369
5,train,4370
5,train,4372
5,train,4375
5,train,4376
5,train,4378
5,train,4379
5,train,4380
5,train,4381
5,train,4382
5,train,4383
5,train,4384
5,train,4385
5,train,4386
5,train,4387
5,train,4388
5,train,4389
5,train,4390
5,train,4391
5,train,4392
5,train,4393
5,train,4394
5,train,4395
5,train,4397
5,train,4398
5,train,4399
5,train,4400
5,train,4401
5,train,4402
5,train,4403
5,train,4404
5,train,4405
5,train,4406
5,train,4408
5,train,4409
5,train,4410
5,train,4411
5,train,4412
5,train,4416
5,train,4417
5,train,4418
5,train,4419
5,test,4
5,test,9
5,test,11
5,test,16
5,test,34
5,test,36
5,test,38
5,test,40
5,test,42
5,test,47
5,test,50
5,test,60
5,test,62
5,test,64
5,test,68
5,test,75
5,test,79
5,test,82
5,test,89
5,test,90
5,test,92
5,test,98
5,test,106
5,test,114
5,test,116
5,test,119
5,test,127
5,test,130
5,test,133
5,test,137
5,test,143
5,test,146
5,test,153
5,test,154
5,test,160
5,test,161
5,test,165
5,test,172
5,test,189
5,test,190
5,test,197
5,test,200
5,test,202
5,test,204
5,test,206
5,test,216
5,test,223
5,test,225
5,test,234
5,test,235
5,test,241
5,test,248
5,test,249
5,test,253
5,test,255
5,test,262
5,test,264
5,test,267
5,test,280
5,test,284
5,test,301
5,test,335
5,test,336
5,test,337
5,test,356
5,test,357
5,test,359
5,test,372
5,test,373
5,test,379
5,test,384
5,test,388
5,test,389
5,test,391
5,test,395
5,test,396
5,test,404
5,test,412
5,test,417
5,test,434
5,test,437
5,test,446
5,test,448
5,test,452
5,test,455
5,test,466
5,test,470
5,test,474
5,test,475
5,test,487
5,test,488
5,test,492
5,test,496
5,test,499
5,test,502
5,test,504
5,test,510
5,test,512
5,test,515
5,test,517
5,test,523
5,test,524
5,test,537
5,test,539
5,test,541
5,test,550
5,test,559
5,test,562
5,test,563
5,test,569
5,test,574
5,test,577
5,test,580
5,test,595
5,test,600
5,test,603
5,test,606
5,test,608
5,test,616
5,test,623
5,test,633
5,test,635
5,test,646
5,test,652
5,test,659
5,test,663
5,test,666
5,test,667
5,test,671
5,test,673
5,test,675
5,test,681
5,test,684
5,test,688
5,test,698
5,test,699
5,test,703
5,test,708
5,test,709
5,test,713
5,test,716
5,test,717
5,test,728
5,test,732
5,test,739
5,test,740
5,test,750
5,test,753
5,test,758
5,test,760
5,test,762
5,test,763
5,test,766
5,test,769
5,test,770
5,test,775
5,test,784
5,test,796
5,test,797
5,test,804
5,test,814
5,test,815
5,test,823
5,test,825
5,test,828
5,test,830
5,test,850
5,test,851
5,test,852
5,test,853
5,test,854
5,test,860
5,test,863
5,test,868
5,test,870
5,test,872
5,test,876
5,test,878
5,test,880
5,test,884
5,test,894
5,test,895
5,test,896
5,test,899
5,test,924
5,test,928
5,test,933
5,test,953
5,test,954
5,test,956
5,test,957
5,test,959
5,test,967
5,test,971
5,test,975
5,test,977
5,test,980
5,test,991
5,test,995
5,test,996
5,test,1008
5,test,1012
5,test,1015
5,test,1016
5,test,1019
5,test,1021
5,test,1028
5,test,1031
5,test,1035
5,test,1045
5,test,1049
5,test,1059
5,test,1060
5,test,1062
5,test,1065
5,test,1066
5,test,1069
5,test,1076
5,test,1077
5,test,1079
5,test,1081
5,test,1082
5,test,1092
5,test,1101
5,test,1122
5,test,1139
5,test,1140
5,test,1144
5,test,1145
5,test,1147
5,test,1148
5,test,1150
5,test,1154
5,test,1155
5,test,1156
5,test,1166
5,test,1167
5,test,1168
5,test,1172
5,test,1184
5,test,1191
5,test,1197
5,test,1205
5,test,1209
5,test,1212
5,test,1214
5,test,1217
5,test,1218
5,test,1224
5,test,1227
5,test,1238
5,test,1240
5,test,1243
5,test,1250
5,test,1252
5,test,1256
5,test,1262
5,test,1267
5,test,1275
5,test,1280
5,test,1282
5,test,1291
5,test,1296
5,test,1300
5,test,1306
5,test,1312
5,test,1324
5,test,1329
5,test,1331
5,test,1348
5,test,1353
5,test,1358
5,test,1363
5,test,1365
5,test,1369
5,test,1371
5,test,1384
5,test,1388
5,test,1390
5,test,1396
5,test,1409
5,test,1416
5,test,1428
5,test,1440
5,test,1445
5,test,1460
5,test,1469
5,test,1470
5,test,1473
5,test,1478
5,test,1484
5,test,1489
5,test,1492
5,test,1495
5,test,1500
5,test,1516
5,test,1519
5,test,1527
5,test,1528
5,test,1529
5,test,1531
5,test,1540
5,test,1542
5,test,1548
5,test,1549
5,test,1555
5,test,1568
5,test,1570
5,test,1571
5,test,1574
5,test,1581
5,test,1585
5,test,1597
5,test,1617
5,test,1625
5,test,1630
5,test,1631
5,test,1633
5,test,1635
5,test,1636
5,test,1648
5,test,1649
5,test,1663
5,test,1664
5,test,1668
5,test,1676
5,test,1678
5,test,1679
5,test,1680
5,test,1682
5,test,1683
5,test,1685
5,test,1686
5,test,1687
5,test,1693
5,test,1696
5,test,1699
5,test,1707
5,test,1715
5,test,1719
5,test,1722
5,test,1733
5,test,1734
5,test,1753
5,test,1757
5,test,1773
5,test,1781
5,test,1782
5,test,1785
5,test,1794
5,test,1802
5,test,1806
5,test,1810
5,test,1816
5,test,1819
5,test,1821
5,test,1823
5,test,1824
5,test,1827
5,test,1836
5,test,1838
5,test,1841
5,test,1843
5,test,1848
5,test,1852
5,test,1853
5,test,1856
5,test,1875
5,test,1881
5,test,1887
5,test,1892
5,test,1893
5,test,1895
5,test,1899
5,test,1901
5,test,1903
5,test,1906
5,test,1930
5,test,1931
5,test,1935
5,test,1944
5,test,1946
5,test,1955
5,test,1958
5,test,1959
5,test,1968
5,test,1969
5,test,1981
5,test,1982
5,test,1984
5,test,1986
5,test,1994
5,test,1996
5,test,1998
5,test,2000
5,test,2017
5,test,2027
5,test,2036
5,test,2038
5,test,2041
5,test,2047
5,test,2048
5,test,2049
5,test,2055
5,test,2056
5,test,2061
5,test,2062
5,test,2065
5,test,2070
5,test,2076
5,test,2081
5,test,2082
5,test,2094
5,test,2100
5,test,2105
5,test,2109
5,test,2122
5,test,2128
5,test,2141
5,test,2142
5,test,2143
5,test,2145
5,test,2150
5,test,2152
5,test,2156
5,test,2158
5,test,2160
5,test,2165
5,test,2173
5,test,2180
5,test,2193
5,test,2200
5,test,2201
5,test,2205
5,test,2207
5,test,2214
5,test,2217
5,test,2220
5,test,2224
5,test,2231
5,test,2237
5,test,2239
5,test,2255
5,test,2261
5,test,2264
5,test,2265
5,test,2278
5,test,2280
5,test,2286
5,test,2294
5,test,2296
5,test,2300
5,test,2305
5,test,2326
5,test,2327
5,test,2363
5,test,2368
5,test,2385
5,test,2386
5,test,2388
5,test,2391
5,test,2393
5,test,2395
5,test,2397
5,test,2427
5,test,2433
5,test,2434
5,test,2435
5,test,2444
5,test,2445
5,test,2448
5,test,2454
5,test,2455
5,test,2479
5,test,2482
5,test,2485
5,test,2489
5,test,2491
5,test,2492
5,test,2497
5,test,2502
5,test,2504
5,test,2508
5,test,2511
5,test,2521
5,test,2523
5,test,2524
5,test,2537
5,test,2539
5,test,2546
5,test,2549
5,test,2556
5,test,2557
5,test,2558
5,test,2565
5,test,2568
5,test,2569
5,test,2581
5,test,2593
5,test,2612
5,test,2613
5,test,2616
5,test,2625
5,test,2635
5,test,2652
5,test,2660
5,test,2675
5,test,2681
5,test,2690
5,test,2692
5,test,2693
5,test,2695
5,test,2701
5,test,2703
5,test,2705
5,test,2710
5,test,2719
5,test,2723
5,test,2724
5,test,2729
5,test,2731
5,test,2733
5,test,2734
5,test,2735
5,test,2737
5,test,2738
5,test,2744
5,test,2745
5,test,2747
5,test,2756
5,test,2773
5,test,2774
5,test,2777
5,test,2779
5,test,2782
5,test,2783
5,test,2785
5,test,2786
5,test,2790
5,test,2799
5,test,2806
5,test,2808
5,test,2809
5,test,2811
5,test,2814
5,test,2816
5,test,2818
5,test,2824
5,test,2831
5,test,2832
5,test,2837
5,test,2838
5,test,2839
5,test,2841
5,test,2842
5,test,2845
5,test,2849
5,test,2851
5,test,2853
5,test,2869
5,test,2870
5,test,2871
5,test,2874
5,test,2878
5,test,2885
5,test,2888
5,test,2895
5,test,2896
5,test,2900
5,test,2901
5,test,2904
5,test,2906
5,test,2908
5,test,2911
5,test,2914
5,test,2919
5,test,2923
5,test,2930
5,test,2931
5,test,2933
5,test,2938
5,test,2947
5,test,2950
5,test,2956
5,test,2959
5,test,2960
5,test,2961
5,test,2966
5,test,2967
5,test,2975
5,test,2976
5,test,2982
5,test,2993
5,test,2995
5,test,2999
5,test,3005
5,test,3006
5,test,3009
5,test,3017
5,test,3018
5,test,3019
5,test,3031
5,test,3037
5,test,3044
5,test,3051
5,test,3059
5,test,3060
5,test,3067
5,test,3068
5,test,3069
5,test,3072
5,test,3073
5,test,3080
5,test,3087
5,test,3090
5,test,3092
5,test,3094
5,test,3096
5,test,3099
5,test,3104
5,test,3108
5,test,3117
5,test,3118
5,test,3120
5,test,3122
5,test,3124
5,test,3136
5,test,3140
5,test,3141
5,test,3143
5,test,3144
5,test,3145
5,test,3146
5,test,3147
5,test,3149
5,test,3152
5,test,3156
5,test,3157
5,test,3170
5,test,3171
5,test,3175
5,test,3177
5,test,3183
5,test,3190
5,test,3191
5,test,3197
5,test,3202
5,test,3216
5,test,3219
5,test,3222
5,test,3234
5,test,3236
5,test,3242
5,test,3249
5,test,3251
5,test,3254
5,test,3255
5,test,3261
5,test,3266
5,test,3267
5,test,3272
5,test,3278
5,test,3284
5,test,3294
5,test,3301
5,test,3302
5,test,3304
5,test,3308
5,test,3313
5,test,3314
5,test,3322
5,test,3323
5,test,3324
5,test,3325
5,test,3327
5,test,3330
5,test,3342
5,test,3343
5,test,3348
5,test,3353
5,test,3354
5,test,3356
5,test,3369
5,test,3373
5,test,3374
5,test,3376
5,test,3377
5,test,3385
5,test,3387
5,test,3394
5,test,3397
5,test,3398
5,test,3419
5,test,3420
5,test,3436
5,test,3440
5,test,3444
5,test,3445
5,test,3446
5,test,3447
5,test,3455
5,test,3457
5,test,3461
5,test,3465
5,test,3472
5,test,3473
5,test,3474
5,test,3479
5,test,3480
5,test,3486
5,test,3491
5,test,3493
5,test,3498
5,test,3506
5,test,3510
5,test,3512
5,test,3522
5,test,3529
5,test,3546
5,test,3552
5,test,3555
5,test,3556
5,test,3561
5,test,3572
5,test,3577
5,test,3579
5,test,3580
5,test,3581
5,test,3582
5,test,3584
5,test,3600
5,test,3602
5,test,3610
5,test,3618
5,test,3619
5,test,3627
5,test,3628
5,test,3635
5,test,3636
5,test,3637
5,test,3643
5,test,3645
5,test,3648
5,test,3665
5,test,3672
5,test,3675
5,test,3696
5,test,3709
5,test,3719
5,test,3722
5,test,3723
5,test,3730
5,test,3736
5,test,3743
5,test,3746
5,test,3748
5,test,3755
5,test,3760
5,test,3763
5,test,3764
5,test,3766
5,test,3769
5,test,3772
5,test,3774
5,test,3777
5,test,3788
5,test,3791
5,test,3795
5,test,3798
5,test,3806
5,test,3807
5,test,3812
5,test,3840
5,test,3842
5,test,3843
5,test,3847
5,test,3849
5,test,3851
5,test,3854
5,test,3857
5,test,3863
5,test,3864
5,test,3871
5,test,3872
5,test,3881
5,test,3884
5,test,3890
5,test,3906
5,test,3907
5,test,3908
5,test,3913
5,test,3914
5,test,3923
5,test,3930
5,test,3931
5,test,3933
5,test,3937
5,test,3943
5,test,3950
5,test,3956
5,test,3966
5,test,3969
5,test,3973
5,test,3974
5,test,3977
5,test,3987
5,test,3991
5,test,3992
5,test,3993
5,test,3996
5,test,3998
5,test,4000
5,test,4005
5,test,4008
5,test,4014
5,test,4023
5,test,4029
5,test,4034
5,test,4036
5,test,4043
5,test,4045
5,test,4056
5,test,4057
5,test,4061
5,test,4067
5,test,4069
5,test,4070
5,test,4072
5,test,4090
5,test,4095
5,test,4097
5,test,4098
5,test,4100
5,test,4103
5,test,4112
5,test,4115
5,test,4116
5,test,4117
5,test,4125
5,test,4131
5,test,4132
5,test,4138
5,test,4171
5,test,4182
5,test,4191
5,test,4193
5,test,4199
5,test,4205
5,test,4207
5,test,4218
5,test,4225
5,test,4226
5,test,4234
5,test,4238
5,test,4250
5,test,4251
5,test,4263
5,test,4265
5,test,4267
5,test,4272
5,test,4276
5,test,4280
5,test,4283
5,test,4286
5,test,4289
5,test,4297
5,test,4305
5,test,4311
5,test,4317
5,test,4322
5,test,4326
5,test,4335
5,test,4341
5,test,4354
5,test,4359
5,test,4371
5,test,4373
5,test,4374
5,test,4377
5,test,4396
5,test,4407
5,test,4413
5,test,4414
5,test,4415
